id,segmentation
402143,0 47619 47620 17916
877548,0 65536
942725,0 65536
769836,0 108 256 108 512 108 768 109 1024 109 1280 109 1536 110 1792 110 2048 110 2304 111 2560 111 2816 111 3072 112 3328 112 3584 112 3840 113 4096 113 4352 113 4608 114 4864 114 5120 114 5376 115 5632 115 5888 115 6144 116 6400 116 6656 117 6912 117 7168 117 7424 118 7680 118 7936 118 8192 119 8448 119 8704 119 8960 120 9216 120 9472 120 9728 121 9984 121 10240 121 10496 122 10752 122 11008 122 11264 123 11520 123 11776 123 12032 124 12288 124 12544 125 12800 125 13056 125 13312 125 13568 126 13824 126 14080 127 14336 127 14592 127 14848 127 15104 128 15360 128 15616 129 15872 129 16128 129 16384 129 16640 130 16896 130 17152 131 17408 131 17664 131 17920 131 18176 132 18432 132 18688 133 18944 133 19200 133 19456 134 19712 134 19968 134 20224 135 20480 135 20736 135 20992 136 21248 136 21504 136 21760 137 22016 137 22272 137 22528 138 22784 138 23040 138 23296 139 23552 139 23808 139 24064 140 24320 140 24576 141 24832 141 25088 141 25344 142 25600 142 25856 142 26112 143 26368 143 26624 143 26880 144 27136 144 27392 144 27648 145 27904 145 28160 145 28416 146 28672 146 28928 146 29184 147 29440 147 29696 147 29952 148 30208 148 30464 149 30720 149 30976 149 31232 149 31488 150 31744 150 32000 150 32256 151 32512 151 32768 151 33024 152 33280 152 33536 153 33792 153 34048 153 34304 153 34560 154 34816 154 35072 155 35328 155 35584 155 35840 155 36096 156 36352 156 36608 157 36864 157 37120 157 37376 158 37632 158 37888 158 38144 159 38400 159 38656 159 38912 160 39168 160 39424 160 39680 161 39936 161 40192 161 40448 162 40704 162 40960 162 41216 163 41472 163 41728 163 41984 164 42240 164 42496 165 42752 165 43008 165 43264 166 43520 166 43776 166 44032 167 44288 167 44544 167 44800 168 45056 168 45312 168 45568 169 45824 169 46080 169 46336 170 46592 170 46848 170 47104 171 47360 171 47616 171 47872 172 48128 172 48384 173 48640 173 48896 173 49152 173 49408 174 49664 174 49920 175 50176 175 50432 175 50688 175 50944 176 51200 176 51456 177 51712 177 51968 177 52224 177 52480 178 52736 178 52992 179 53248 179 53504 179 53760 180 54016 180 54272 180 54528 181 54784 181 55040 181 55296 182 55552 182 55808 182 56064 183 56320 183 56576 183 56832 184 57088 184 57344 184 57600 185 57856 185 58112 185 58368 186 58624 186 58880 186 59136 187 59392 187 59648 187 59904 188 60160 188 60416 189 60672 189 60928 189 61184 190 61440 190 61696 190 61952 191 62208 191 62464 191 62720 192 62976 192 63232 192 63488 193 63744 193 64000 193 64256 194 64512 194 64768 194 65024 194 65280 195
263633,0 621 622 2 626 35 662 17 682 1 692 29 727 26407 27135 255 27391 4863 32255 255 32511 255 32767 255 33023 255 33280 254 33535 255 33791 7167 40959 512 41472 8446 49920 254 50176 254 50432 254 50688 254 50943 255 51200 254 51456 254 51712 254 51968 254 52224 254 52480 254 52736 254 52992 254 53248 254 53503 255 53760 254 54016 254 54272 1790 56063 511 56575 255 56831 255 57087 255 57344 5119 62464 255 62720 2638 65365 17 65385 80 65483 53
747518,0 65536
632056,0 12284 12288 249 12544 246 12800 243 13056 240 13312 237 13568 235 13824 232 14080 229 14336 226 14592 223 14848 220 15104 217 15360 214 15616 211 15872 208 16128 205 16384 203 16640 199 16896 196 17152 193 17408 191 17664 187 17920 184 18176 181 18432 178 18688 175 18944 173 19200 170 19456 167 19712 164 19968 161 20224 158 20480 155 20736 152 20992 149 21248 146 21504 143 21760 141 22016 138 22272 135 22528 132 22784 129 23040 126 23296 123 23552 120 23808 117 24064 114 24320 111 24576 109 24832 105 25088 102 25344 99 25600 96 25856 93 26112 91 26368 87 26624 84 26880 81 27136 79 27392 76 27648 73 27904 70 28160 67 28416 64 28672 61 28928 58 29184 55 29440 52 29696 49 29952 47 30208 44 30464 41 30720 38 30976 35 31232 32 31488 29 31744 26 32000 23 32256 20 32512 17 32768 15 33024 11 33280 9 33536 5 33792 3
331069,0 65536
104502,0 65536
000047,0 65536
487585,0 765 766 29066 29833 4147 33981 255 34237 768 35006 255 35262 30274
890795,0 49925 49926 255 50182 14617 64800 736
283877,0 65536
000090, 
986585,0 65536
238364,0 592 593 4166 4760 255 5016 4714 9731 255 9987 1877 11865 4921 16787 255 17043 577 17622 1020 18643 256 18900 255 19156 2407 21564 2265 23830 2805 26636 257 26896 255 27152 3063 30216 5127 35344 505 35851 255 36109 255 36365 5114 41482 3567 45050 768 45819 971 46791 255 47047 312 47360 3310 50671 255 50927 256 51184 10382 61567 769 62337 255 62594 255 62850 255 63107 79 63187 1716 64904 78 64983 176 65161 77 65239 297
516869,0 65536
850742,0 65536
274444,0 65536
187649,0 1 2 65534
000081,0 65536
293458,0 663 664 24420 25088 248 25344 244 25600 240 25856 236 26112 233 26368 228 26624 225 26880 220 27136 217 27392 212 27648 209 27904 205 28160 202 28416 197 28672 194 28928 190 29184 187 29440 183 29696 179 29952 175 30208 171 30464 167 30720 163 30976 159 31232 155 31488 150 31744 147 32000 143 32256 140 32512 135 32768 132 33024 127 33280 124 33536 120 33792 116 34048 112 34304 109 34560 104 34816 101 35072 96 35328 93 35584 88 35840 85 36096 81 36352 78 36608 73 36864 69 37120 65 37376 62 37632 58 37888 54 38144 50 38400 46 38656 42 38912 38 39168 34 39424 31 39680 27 39936 23 40192 19 40448 15 40704 11 40960 7 41216 3
000067,0 65536
905849,0 65536
841484,0 220 256 220 512 220 768 220 1024 221 1280 221 1536 221 1792 221 2048 222 2304 222 2560 222 2816 222 3072 223 3328 223 3584 223 3840 223 4096 224 4352 224 4608 224 4864 225 5120 225 5376 225 5632 225 5888 225 6144 226 6400 226 6656 226 6912 227 7168 227 7424 227 7680 227 7936 228 8192 228 8448 228 8704 229 8960 229 9216 229 9472 229 9728 229 9984 230 10240 230 10496 230 10752 231 11008 231 11264 231 11520 231 11776 231 12032 232 12288 232 12544 232 12800 233 13056 233 13312 233 13568 233 13824 234 14080 234 14336 234 14592 234 14848 235 15104 235 15360 235 15616 235 15872 236 16128 236 16384 236 16640 236 16896 237 17152 237 17408 237 17664 237 17920 238 18176 238 18432 238 18688 239 18944 239 19200 239 19456 239 19712 239 19968 240 20224 240 20480 240 20736 241 20992 241 21248 241 21504 241 21760 242 22016 242 22272 242 22528 243 22784 243 23040 243 23296 243 23552 243 23808 244 24064 244 24320 244 24576 245 24832 245 25088 245 25344 245 25600 245 25856 246 26112 246 26368 246 26624 247 26880 247 27136 247 27392 247 27648 248 27904 248 28160 248 28416 249 28672 249 28928 249 29184 249 29440 249 29696 250 29952 250 30208 250 30464 250 30720 251 30976 251 31232 251 31488 216 31706 34 31744 216 31962 34 32000 252 32256 252 32512 253 32768 253 33024 253 33280 253 33536 254 33792 254 34048 254 34304 254 34560 255 34816 255 35072 255 35328 255 35584 29952
636648,0 125 256 125 512 125 768 126 1024 126 1280 126 1536 126 1792 127 2048 127 2304 127 2560 127 2816 127 3072 128 3328 128 3584 128 3840 128 4096 129 4352 129 4608 129 4864 129 5120 129 5376 130 5632 130 5888 130 6144 130 6400 131 6656 131 6912 131 7168 131 7424 131 7680 132 7936 132 8192 132 8448 132 8704 133 8960 133 9216 133 9472 133 9728 133 9984 134 10240 134 10496 134 10752 134 11008 135 11264 135 11520 135 11776 135 12032 135 12288 136 12544 136 12800 136 13056 136 13312 137 13568 137 13824 137 14080 137 14336 137 14592 138 14848 138 15104 138 15360 138 15616 139 15872 139 16128 139 16384 139 16640 139 16896 140 17152 140 17408 140 17664 140 17920 141 18176 141 18432 141 18688 141 18944 141 19200 142 19456 142 19712 142 19968 142 20224 142 20480 143 20736 143 20992 143 21248 143 21504 143 21760 144 22016 144 22272 144 22528 145 22784 145 23040 145 23296 145 23552 145 23808 145 24064 146 24320 146 24576 146 24832 146 25088 147 25344 147 25600 147 25856 147 26112 147 26368 148 26624 148 26880 148 27136 148 27392 149 27648 149 27904 149 28160 149 28416 149 28672 150 28928 150 29184 150 29440 150 29696 151 29952 151 30208 151 30464 151 30720 151 30976 152 31232 152 31488 152 31744 152 32000 153 32256 153 32512 153 32768 153 33024 153 33280 154 33536 154 33792 154 34048 154 34304 155 34560 155 34816 155 35072 155 35328 155 35584 156 35840 156 36096 156 36352 156 36608 157 36864 157 37120 157 37376 157 37632 157 37888 158 38144 158 38400 158 38656 158 38912 159 39168 159 39424 159 39680 159 39936 159 40192 159 40448 160 40704 160 40960 160 41216 160 41472 161 41728 161 41984 161 42240 161 42496 161 42752 162 43008 162 43264 162 43520 163 43776 163 44032 163 44288 163 44544 163 44800 163 45056 164 45312 164 45568 164 45824 164 46080 165 46336 165 46592 165 46848 165 47104 165 47360 166 47616 166 47872 166 48128 166 48384 167 48640 167 48896 167 49152 167 49408 167 49664 168 49920 168 50176 168 50432 168 50688 169 50944 169 51200 169 51456 169 51712 169 51968 170 52224 170 52480 170 52736 170 52992 171 53248 171 53504 171 53760 171 54016 171 54272 172 54528 172 54784 172 55040 172 55296 173 55552 173 55808 173 56064 173 56320 173 56576 174 56832 174 57088 174 57344 174 57600 175 57856 175 58112 175 58368 175 58624 175 58880 176 59136 176 59392 176 59648 176 59904 177 60160 177 60416 177 60672 177 60928 177 61184 178 61440 178 61696 178 61952 178 62208 178 62464 179 62720 179 62976 179 63232 179 63488 179 63744 180 64000 180 64256 180 64512 180 64768 181 65024 181 65280 181
711772,0 65536
661320,0 65536
391427,0 171 172 25942 26115 39421
403905,0 65283 65285 31 65318 143 65469 16 65486 50
534313,0 2 3 511 515 58434 58950 5627 64578 958
799282,0 255 256 1534 1792 252 2048 248 2304 245 2560 242 2816 239 3072 236 3328 233 3584 230 3840 226 4096 223 4352 219 4608 216 4864 213 5120 209 5376 207 5632 203 5888 200 6144 197 6400 193 6656 190 6912 187 7168 185 7424 182 7680 178 7936 175 8192 172 8448 168 8704 165 8960 161 9216 159 9472 156 9728 152 9984 149 10240 146 10496 142 10752 139 11008 135 11264 132 11520 129 11776 126 12032 122 12288 119 12544 116 12800 113 13056 110 13312 107 13568 103 13824 100 14080 97 14336 79 14416 13 14592 89 14848 87 15104 83 15360 80 15616 76 15872 73 16128 70 16384 67 16640 63 16896 61 17152 57 17408 54 17664 51 17920 48 18176 44 18432 41 18688 38 18944 35 19200 32 19456 29 19712 25 19968 22 20224 19 20480 15 20736 12 20992 9 21248 6 21504 2
000048, 
701596,0 56744 56746 8790
000031,9931 2 10187 3 10443 2 10700 1 26424 1 26679 3 26935 3 27191 3 36035 2 36291 1 54700 3 54955 4 55211 5 55467 4 55723 4
726981,0 12512 12513 23188 35703 257 35962 255 36218 498 36718 254 36973 496 37472 28064
689810,0 65536
548413,0 65536
777433,0 81 86 490 578 5 598 64938
810943,0 12 14 3067 3082 3857 6940 250 7192 2714 9911 258 10170 264 10436 3937 14375 254 14630 499 15131 255 15387 5408 20796 254 21051 1268 22320 254 22575 1266 23842 1304 25147 255 25403 1742 27149 2588 29738 3292 33031 255 33287 1827 35116 251 35369 734 36104 2065 38171 252 38424 1047 39472 2281 41754 1768 43523 255 43779 21757
692688,0 6656 6657 255 6913 255 7170 254 7426 254 7683 253 7939 253 8195 253 8451 253 8708 252 8964 252 9221 251 9477 251 9733 251 9990 250 10246 250 10502 250 10759 249 11015 249 11271 249 11528 248 11784 248 12041 247 12297 247 12553 247 12810 246 13066 246 13322 246 13579 245 13835 245 14091 245 14348 244 14604 244 14861 243 15117 243 15373 243 15629 243 15886 242 16142 242 16399 241 16655 241 16911 241 17168 240 17424 240 17680 240 17937 239 18193 239 18449 239 18706 238 18962 238 19218 238 19475 237 19731 237 19988 236 20244 236 20500 236 20757 235 21013 235 21269 235 21526 234 21782 234 22038 234 22295 233 22551 233 22807 233 23064 232 23320 232 23577 231 23833 231 24089 231 24345 231 24602 230 24858 230 25115 229 25371 229 25627 229 25884 228 26140 228 26396 228 26653 227 26909 227 27165 227 27422 226 27678 226 27935 225 28191 225 28447 225 28704 224 28960 224 29216 224 29473 223 29729 223 29985 223 30242 222 30498 222 30755 221 31011 221 31267 221 31523 221 31780 220 32036 220 32293 219 32549 219 32805 219 33062 218 33318 218 33574 218 33831 217 34087 217 34343 217 34600 216 34856 216 35112 216 35369 215 35625 215 35882 214 36138 214 36394 214 36651 213 36907 213 37163 213 37420 212 37676 212 37933 211 38189 211 38445 211 38701 211 38958 210 39214 210 39471 209 39727 209 39983 209 40239 209 40496 208 40752 208 41009 207 41265 207 41521 207 41778 206 42034 206 42290 206 42547 205 42803 205 43060 204 43316 204 43572 204 43829 203 44085 203 44341 203 44598 202 44854 202 45110 202 45367 201 45623 201 45879 201 46136 200 46392 200 46649 199 46905 199 47161 199 47417 199 47674 198 47930 198 48187 197 48443 197 48699 197 48956 196 49212 196 49468 196 49725 195 49981 195 50237 195 50494 194 50750 194 51007 193 51263 193 51519 193 51776 192 52032 192 52288 192 52545 191 52801 191 53057 191 53314 190 53570 190 53827 189 54083 189 54339 189 54595 189 54852 188 55108 188 55364 188 55621 187 55877 187 56134 186 56390 186 56646 186 56903 185 57159 185 57415 185 57672 184 57928 184 58184 184 58441 183 58697 183 58954 182 59210 182 59466 182 59723 181 59979 181 60235 181 60492 180 60748 180 61004 180 61261 179 61517 179 61773 179 62030 178 62286 178 62543 177 62799 177 63055 177 63311 177 63568 176 63824 176 64081 175 64337 175 64593 175 64850 174 65106 174 65362 174
000004,0 65536
563581,0 65536
927691,0 65536
000030,0 65536
863364,0 31297 31298 255 31554 255 31810 2068 33879 768 34648 1774 36424 254 36679 2322 39002 513 39516 256 39773 2301 42076 253 42331 3 42335 250 42586 5878 48465 255 48721 259 48982 16554
222553,0 65536
748680,0 65536
000080,34077 4 34332 5 34588 6 34845 5 35101 4 35358 2 43321 1 43576 2 44354 4 44608 8 44862 10 45117 11 45365 2 45373 11 45621 2 45629 11 45885 10 46141 10 46397 10 46654 8 46913 3
567636,0 661 662 10268 10931 26002 36935 5807 42743 22793
349461,0 65536
416208,6910 2 7163 5 7416 8 7668 12 7921 15 8174 18 8427 21 8680 24 8934 26 9185 31 9439 33 9692 36 9945 39 10197 43 10450 46 10703 49 10956 52 11209 55 11462 58 11714 62 11967 65 12220 68 12473 71 12726 74 12980 76 13231 81 13485 83 13737 87 13990 90 14243 93 14496 96 14749 99 15002 102 15255 105 15508 108 15760 112 16013 115 16266 118 16519 121 16772 124 17025 127 17277 131 17531 133 17784 136 18037 139 18290 142 18542 146 18795 149 19048 152 19301 155 19554 158 19807 161 20059 165 20312 168 20565 171 20818 174 21072 176 21324 180 21577 183 21829 187 22083 189 22335 193 22589 195 22841 199 23094 202 23347 205 23600 208 23853 211 24105 215 24358 218 24611 221 24864 224 25117 227 25370 230 25623 233 25875 237 26129 239 26382 242 26635 245 26887 249 27140 252 27393 23974 51368 13 51386 256 51644 2302 53947 254 54202 258 54463 3846 58310 255 58566 2819 61386 256 61643 4 61648 251 61900 247 62148 7 62157 3379
232617,0 46682 46683 18853
149617, 
403524,0 65536
000070,0 65536
305222,0 65536
000054,0 65536
222596,0 65536
433193,0 65536
000044, 
919234,0 65536
255130,0 65536
682813,0 90 256 90 512 90 768 90 1024 91 1280 91 1536 91 1792 91 2048 91 2304 92 2560 92 2816 92 3072 92 3328 92 3584 93 3840 93 4096 93 4352 93 4608 93 4864 94 5120 94 5376 94 5632 94 5888 95 6144 95 6400 95 6656 95 6912 95 7168 96 7424 96 7680 96 7936 96 8192 97 8448 97 8704 97 8960 97 9216 97 9472 97 9728 98 9984 98 10240 98 10496 98 10752 99 11008 99 11264 99 11520 99 11776 99 12032 100 12288 100 12544 100 12800 100 13056 101 13312 101 13568 101 13824 101 14080 101 14336 101 14592 102 14848 102 15104 102 15360 103 15616 103 15872 103 16128 103 16384 103 16640 103 16896 104 17152 104 17408 104 17664 104 17920 105 18176 105 18432 105 18688 105 18944 105 19200 106 19456 106 19712 106 19968 106 20224 106 20480 107 20736 107 20992 107 21248 107 21504 107 21760 108 22016 108 22272 108 22528 108 22784 109 23040 109 23296 109 23552 109 23808 109 24064 110 24320 110 24576 110 24832 110 25088 111 25344 111 25600 111 25856 111 26112 111 26368 112 26624 112 26880 112 27136 112 27392 112 27648 113 27904 113 28160 113 28416 113 28672 113 28928 114 29184 114 29440 114 29696 114 29952 115 30208 115 30464 115 30720 115 30976 115 31232 115 31488 116 31744 116 32000 116 32256 117 32512 117 32768 117 33024 117 33280 117 33536 117 33792 118 34048 118 34304 118 34560 118 34816 119 35072 119 35328 119 35584 119 35840 119 36096 120 36352 120 36608 120 36864 120 37120 120 37376 121 37632 121 37888 121 38144 121 38400 121 38656 122 38912 122 39168 122 39424 122 39680 123 39936 123 40192 123 40448 123 40704 123 40960 124 41216 124 41472 124 41728 124 41984 125 42240 125 42496 125 42752 125 43008 125 43264 125 43520 126 43776 126 44032 126 44288 126 44544 127 44800 127 45056 127 45312 127 45568 127 45824 128 46080 128 46336 128 46592 128 46848 129 47104 129 47360 129 47616 129 47872 129 48128 129 48384 130 48640 130 48896 130 49152 130 49408 131 49664 131 49920 131 50176 131 50432 131 50688 132 50944 132 51200 132 51456 132 51712 133 51968 133 52224 133 52480 133 52736 133 52992 134 53248 134 53504 134 53760 134 54016 134 54272 135 54528 135 54784 135 55040 135 55296 135 55552 136 55808 136 56064 136 56320 136 56576 137 56832 137 57088 137 57344 137 57600 137 57856 138 58112 138 58368 138 58624 138 58880 139 59136 139 59392 139 59648 139 59904 139 60160 139 60416 140 60672 140 60928 140 61184 140 61440 141 61696 141 61952 141 62208 141 62464 141 62720 142 62976 142 63232 142 63488 142 63744 143 64000 143 64256 143 64512 143 64768 143 65024 143 65280 144
839719,0 65536
702433,0 65536
981723,0 147 148 22 173 82 256 65280
000043,0 65536
308936,0 65536
000085,58441 6 58696 8 58952 8 59208 8 59464 8 59721 6 59979 2 61645 5 61900 7 62155 9 62411 8 62667 8 62924 6
270495,0 65536
778684,0 63741 63742 1794
337798,0 65536
000052,0 65536
000041,0 65536
402654,0 65536
000065, 
772465,0 65536
326172,0 65536
000002,0 65536
423047,0 15775 15776 255 16032 3085 19118 255 19374 46162
000066, 
000086,64862 1 65118 2
584567,0 33426 33427 32109
000014,14 23 182 9 246 10 267 27 438 10 501 11 522 28 694 9 756 12 778 28 950 9 1013 11 1035 27 1154 5 1206 8 1268 12 1296 22 1409 7 1463 6 1524 12 1554 20 1665 9 1720 4 1780 12 1811 20 1920 10 2038 10 2071 15 2176 11 2297 7 2431 13 2553 7 2687 14 2755 3 2810 6 2942 15 2967 2 3010 6 3066 6 3196 18 3221 6 3231 7 3264 9 3322 6 3448 22 3477 18 3519 11 3578 6 3701 26 3732 20 3775 12 3834 6 3956 29 3986 22 4030 13 4090 6 4211 54 4286 14 4347 5 4467 55 4542 14 4603 5 4722 57 4798 15 4860 4 4978 57 5055 15 5116 4 5234 58 5311 16 5373 3 5489 58 5567 17 5629 3 5743 60 5823 17 5886 2 5998 61 6079 18 6253 62 6334 19 6508 62 6590 19 6764 62 6845 20 7019 62 7101 19 7274 63 7357 19 7529 63 7613 18 7669 2 7711 4 7784 63 7870 16 7925 2 7965 17 8039 52 8127 15 8162 2 8181 1 8220 20 8295 52 8384 14 8417 5 8474 21 8550 52 8640 14 8672 6 8729 21 8806 52 8897 14 8927 8 8983 23 9062 53 9153 15 9183 8 9238 23 9319 52 9409 15 9439 7 9493 24 9575 52 9665 15 9695 7 9748 25 9831 52 9922 13 9951 6 10003 26 10088 51 10178 12 10209 2 10259 26 10344 51 10434 11 10515 25 10602 49 10690 11 10771 23 10859 48 10947 9 11026 23 11115 48 11203 7 11282 22 11372 46 11461 4 11538 11 11551 9 11629 45 11795 10 11808 8 11886 44 12051 10 12066 6 12144 42 12308 9 12323 4 12401 41 12564 9 12659 39 12821 7 12916 38 13057 7 13078 6 13173 38 13312 10 13335 4 13429 38 13568 11 13685 38 13824 12 13941 39 14080 13 14196 40 14324 5 14336 15 14452 40 14578 9 14592 16 14708 40 14833 11 14848 18 14913 2 14965 38 15088 15 15104 20 15167 8 15222 37 15343 16 15360 22 15423 10 15479 36 15598 17 15616 23 15679 11 15736 14 15751 19 15852 19 15872 23 15934 12 15993 10 16009 16 16108 19 16128 24 16190 12 16267 13 16363 18 16384 24 16446 12 16524 11 16619 17 16640 24 16702 12 16781 7 16876 15 16896 24 16959 10 17132 14 17152 24 17215 9 17387 15 17408 25 17472 6 17642 15 17664 26 17729 4 17895 18 17920 26 18150 18 18176 26 18405 19 18432 26 18661 18 18688 26 18918 15 18944 26 19174 14 19200 26 19432 11 19456 26 19587 4 19689 9 19712 26 19841 6 19946 7 19968 26 20096 7 20122 7 20203 5 20224 25 20351 8 20377 10 20461 1 20480 25 20607 8 20625 19 20736 25 20863 8 20879 22 20992 25 21119 7 21134 23 21248 25 21376 6 21390 24 21504 25 21632 7 21646 24 21760 25 21888 8 21902 25 22016 25 22143 9 22158 28 22272 25 22398 10 22414 30 22528 25 22654 10 22670 30 22784 25 22910 10 22926 31 23040 25 23166 9 23182 32 23296 25 23422 9 23439 31 23552 25 23679 7 23695 32 23808 25 23935 7 23951 33 24064 25 24192 5 24208 33 24322 1 24325 19 24449 3 24464 34 24583 15 24721 39 24842 10 24978 40 25101 3 25235 40 25493 39 25750 39 26007 39 26264 38 26366 2 26521 37 26620 4 26777 38 26875 5 27034 36 27131 5 27290 36 27386 6 27546 35 27641 7 27803 33 27897 7 28060 28 28152 8 28317 4 28323 19 28407 9 28581 16 28659 13 28839 13 28914 14 29102 1 29169 15 29424 16 29680 16 29936 16 30192 16 30449 15 30707 2 30714 6 30971 5 31228 4 31486 1 32510 2 32765 3 33021 3 33277 3 33533 3 33789 3 34045 3 34301 3 34558 2 34814 2 35069 3 35325 3 35581 3 35836 4 36092 4 36348 4 36604 4 36861 3 37118 2 37374 2 37631 1 37886 2 38142 2 38398 2 38653 3 38731 4 38909 3 38986 6 39165 3 39241 9 39420 4 39496 10 39676 4 39752 11 39931 5 40008 12 40187 5 40264 12 40443 5 40520 13 40698 6 40776 14 40941 3 40954 6 41032 15 41195 7 41210 6 41289 14 41449 10 41466 6 41545 15 41704 12 41720 8 41801 16 41957 27 42057 17 42211 29 42314 16 42467 29 42570 17 42722 30 42826 17 42978 30 43082 17 43235 29 43338 17 43492 28 43594 17 43749 27 43850 16 44005 27 44106 15 44261 27 44363 10 44517 27 44620 5 44773 27 45029 27 45284 28 45541 27 45797 27 46054 26 46310 26 46566 26 46821 27 47077 27 47331 29 47586 30 47841 31 48096 32 48351 33 48607 33 48863 33 49119 33 49375 33 49630 34 49885 35 50141 35 50396 36 50651 37 50906 38 51161 39 51415 41 51670 42 51925 43 52125 3 52180 44 52378 8 52435 45 52633 10 52690 46 52888 11 52945 47 53143 12 53200 48 53398 13 53455 49 53654 13 53695 7 53709 51 53910 13 53948 68 54166 13 54202 70 54422 12 54457 71 54678 12 54712 72 54934 12 54968 72 55190 12 55224 72 55446 11 55480 72 55702 11 55736 72 55958 10 55992 72 56215 8 56248 72 56473 4 56504 72 56760 72 56849 4 57016 72 57103 7 57272 72 57348 4 57358 9 57528 82 57613 11 57784 96 58041 96 58297 96 58556 8 58566 84 58813 6 58823 83 59070 3 59081 81 59325 3 59339 79 59600 74 59857 73 60115 25 60142 44 60373 1 60375 1 60377 1 60379 3 60383 11 60397 45 60637 13 60651 47 60893 60 61149 60 61403 1 61405 60 61659 62 61914 63 62169 65 62425 65 62680 66 62936 66 63192 66 63449 65 63704 67 63960 67 64214 70 64469 71 64723 73 64978 74 65233 75 65490 46
000029, 
826515,0 619 620 64916
904357,0 188 191 53054 53246 12290
447372,0 128 129 255 386 254 641 2541 3183 5644 8828 18531 27360 38176
000036,11 245 263 249 518 250 775 249 1032 248 1288 248 1545 247 1803 245 2060 244 2315 245 2571 245 2827 245 3082 246 3338 246 3594 246 3849 247 4105 247 4360 248 4614 250 4869 251 5125 251 5380 252 5636 252 5892 252 6148 252 6404 252 6660 252 6916 252 7172 252 7428 252 7684 252 7940 252 8197 251 8453 251 8709 251 8965 251 9221 251 9477 251 9733 251 9989 251 10245 251 10500 252 10756 252 11011 253 11267 253 11522 254 11778 254 12034 254 12290 254 12547 253 12803 253 13059 253 13313 255 13569 255 13825 255 14081 255 14337 255 14593 255 14849 255 15105 255 15361 255 15617 255 15873 255 16129 48021 64157 247 64415 243 64673 241 64929 241 65185 239 65445 91
123643,0 65536
000089,4 15 66 5 90 46 232 24 257 19 322 6 344 49 487 47 578 8 599 50 743 48 834 9 855 51 914 4 999 55 1072 8 1081 19 1110 52 1168 8 1255 56 1327 31 1365 53 1423 10 1511 58 1582 33 1620 55 1677 12 1767 59 1837 109 2024 59 2093 109 2280 59 2348 111 2537 58 2604 111 2793 58 2859 113 3048 59 3114 114 3304 58 3370 114 3560 58 3626 115 3815 59 3882 115 4070 60 4138 115 4325 61 4394 115 4579 64 4650 115 4834 67 4906 116 5090 68 5162 116 5346 70 5418 117 5602 189 5858 195 6115 195 6371 196 6625 198 6880 199 7135 199 7390 198 7646 197 7901 198 8156 199 8412 199 8668 199 8924 199 9180 28 9211 168 9436 27 9469 157 9629 5 9691 27 9728 152 9947 26 9984 149 10203 24 10240 148 10458 24 10496 148 10714 24 10750 150 10969 25 11005 151 11225 25 11260 152 11480 26 11515 152 11736 27 11771 152 11992 29 12026 152 12248 30 12282 150 12505 30 12538 146 12762 30 12794 146 13019 178 13238 6 13276 167 13447 7 13493 9 13507 6 13532 46 13582 114 13704 7 13749 22 13789 44 13841 109 13960 8 14004 25 14046 42 14099 106 14216 8 14260 26 14297 3 14305 38 14356 103 14472 8 14517 26 14551 7 14562 30 14612 102 14729 8 14773 28 14806 9 14820 28 14868 101 14986 7 15006 4 15028 44 15079 25 15124 9 15141 82 15243 6 15261 6 15284 44 15337 23 15380 8 15398 9 15410 46 15463 14 15499 6 15517 6 15538 46 15596 20 15637 6 15655 7 15666 45 15720 9 15756 4 15773 6 15792 48 15854 18 15893 5 15912 5 15922 43 15977 7 16029 6 16047 49 16110 18 16178 42 16234 5 16286 4 16303 49 16366 18 16434 41 16489 5 16559 49 16622 18 16690 40 16745 5 16815 50 16879 17 16947 38 17000 6 17071 51 17135 17 17204 36 17256 7 17328 51 17392 16 17461 34 17512 7 17585 50 17650 14 17717 33 17768 6 17842 50 17908 12 17973 33 18025 5 18099 49 18165 11 18228 35 18282 2 18356 48 18421 11 18484 37 18550 4 18613 46 18678 10 18739 40 18805 6 18869 46 18933 11 18995 41 19060 8 19125 44 19189 11 19250 42 19316 8 19381 43 19445 10 19506 42 19571 9 19637 42 19702 8 19762 42 19827 9 19893 41 19959 5 20018 42 20083 9 20149 40 20274 42 20339 9 20406 38 20530 40 20595 9 20662 30 20786 30 20850 11 20919 28 21002 6 21043 27 21106 11 21175 28 21257 8 21298 28 21362 10 21432 28 21512 10 21553 29 21619 9 21687 32 21768 11 21808 30 21876 6 21942 35 22013 3 22024 12 22063 30 22196 38 22268 4 22280 13 22319 29 22450 41 22523 5 22536 13 22575 20 22598 4 22703 44 22778 6 22792 14 22831 6 22840 9 22957 46 23033 7 23047 27 23088 3 23100 3 23212 47 23289 7 23303 28 23467 48 23544 8 23558 30 23723 48 23800 8 23814 30 23978 48 24056 8 24070 30 24234 48 24312 8 24326 30 24490 49 24567 9 24582 29 24746 49 24823 9 24839 28 24992 1 25001 50 25079 9 25095 28 25244 64 25333 11 25351 29 25499 66 25586 14 25608 28 25755 67 25840 16 25864 28 26011 68 26096 16 26121 27 26268 67 26352 16 26378 26 26525 66 26608 16 26635 26 26780 68 26866 14 26887 2 26891 26 27016 6 27035 69 27123 13 27142 31 27271 8 27289 71 27380 12 27398 31 27526 10 27544 72 27638 10 27654 4 27659 25 27781 13 27797 75 27897 7 27911 2 27916 24 27974 4 28036 92 28154 6 28173 23 28229 6 28291 93 28411 5 28429 23 28483 9 28546 94 28667 5 28685 23 28738 11 28802 94 28923 5 28941 22 28994 11 29057 95 29180 4 29197 22 29250 12 29313 95 29436 4 29454 21 29506 12 29570 93 29692 4 29711 19 29762 12 29826 92 29948 4 29968 18 30018 12 30082 91 30204 4 30226 15 30274 12 30338 89 30460 4 30487 8 30530 12 30594 88 30717 3 30744 5 30787 10 30848 20 30871 67 30975 1 31045 8 31096 6 31103 22 31126 68 31304 4 31349 100 31602 103 31857 104 32112 105 32367 105 32623 105 32879 105 33135 105 33391 104 33647 104 33883 5 33904 103 34138 8 34160 103 34393 10 34415 103 34648 13 34666 2 34671 103 34903 127 35158 128 35412 130 35667 125 35794 3 35922 126 36177 127 36433 127 36689 128 36945 128 37201 128 37457 128 37713 112 37827 14 37969 111 38086 10 38225 110 38481 109 38736 109 38991 108 39246 108 39501 88 39595 14 39756 88 39853 11 40010 90 40110 9 40265 91 40368 6 40520 92 40775 92 41031 92 41286 92 41542 92 41798 91 42053 92 42304 97 42560 97 42815 66 42885 28 43071 64 43141 28 43327 57 43397 28 43583 56 43652 29 43839 55 43907 29 44095 54 44163 29 44352 53 44418 29 44608 51 44674 28 44865 46 44930 28 45122 44 45186 27 45379 43 45442 26 45636 41 45698 25 45893 40 45944 3 45954 24 46150 38 46200 4 46209 22 46407 37 46456 4 46465 20 46664 35 46712 5 46721 20 46921 12 46935 6 46942 11 46968 5 46977 20 47178 9 47192 4 47201 5 47223 7 47233 20 47438 3 47449 1 47479 30 47619 3 47735 30 47872 7 47991 30 48128 8 48160 5 48247 30 48384 8 48415 8 48432 15 48503 30 48640 9 48669 11 48682 22 48760 29 48896 9 48924 37 49017 28 49152 9 49179 39 49274 28 49408 9 49434 41 49531 27 49664 8 49688 43 49787 27 49920 8 49943 44 50044 26 50176 8 50198 46 50302 24 50432 8 50454 46 50559 22 50688 8 50709 47 50816 21 50944 8 50965 47 51074 17 51200 9 51220 48 51331 10 51456 9 51474 50 51590 2 51712 10 51725 56 51900 4 51968 71 52154 7 52224 72 52409 8 52480 74 52664 10 52736 75 52920 10 52992 77 53176 11 53248 77 53432 11 53504 78 53688 12 53760 78 53943 14 53968 3 54016 78 54199 19 54223 11 54272 78 54454 22 54478 14 54528 77 54710 39 54784 76 54965 40 55040 76 55220 42 55296 74 55476 42 55552 74 55732 41 55808 74 55900 3 55988 41 56064 74 56154 6 56179 1 56244 41 56320 75 56410 8 56428 11 56501 40 56576 75 56666 31 56757 40 56832 76 56921 32 57014 38 57088 77 57177 33 57271 37 57344 78 57433 33 57527 36 57600 78 57689 32 57783 36 57838 4 57856 79 57945 32 58039 38 58093 6 58112 80 58201 32 58294 40 58348 8 58368 81 58457 31 58550 41 58603 10 58624 81 58713 30 58806 46 58858 12 58880 82 58970 28 59062 65 59136 83 59226 28 59318 65 59392 83 59482 28 59574 66 59648 83 59738 28 59831 65 59904 83 59993 30 60087 66 60160 83 60249 31 60344 65 60416 82 60504 33 60601 65 60672 82 60759 37 60858 64 60928 81 61015 39 61115 64 61184 81 61270 41 61371 64 61440 81 61526 43 61611 3 61628 63 61696 82 61782 44 61865 7 61884 63 61952 83 62038 45 62120 10 62140 63 62208 84 62293 47 62375 12 62396 63 62464 132 62630 15 62651 64 62720 19 62742 111 62886 16 62905 66 62976 18 62999 110 63142 85 63232 17 63255 111 63398 85 63488 16 63511 112 63653 85 63744 15 63766 116 63909 79 64000 15 64022 118 64165 79 64256 15 64278 118 64421 79 64512 14 64534 119 64677 79 64768 13 64790 120 64932 81 65024 12 65046 120 65188 81 65280 11 65302 120 65445 79
442220,0 65536
000056,0 65536
000098,108 1 111 29 144 1 149 1 152 3 165 15 250 6 410 5 420 16 505 7 665 7 676 17 760 8 923 5 933 7 941 8 1016 8 1179 5 1189 6 1199 7 1272 8 1436 5 1445 6 1455 7 1529 7 1693 5 1701 6 1712 6 1786 6 1949 6 1957 7 1968 7 2042 6 2205 16 2225 6 2298 6 2462 17 2481 7 2554 6 2718 18 2737 8 2754 3 2810 6 2974 2 2977 24 3009 5 3067 5 3230 2 3233 25 3265 5 3324 4 3487 27 3520 7 3540 2 3581 3 3745 25 3777 5 3792 1 3796 2 3836 4 4001 26 4051 4 4092 4 4259 17 4278 5 4303 3 4307 3 4346 6 4515 3 4519 11 4536 3 4560 2 4563 3 4601 7 4771 3 4777 9 4793 2 4820 1 4856 8 5026 4 5036 6 5112 8 5283 3 5293 5 5368 8 5538 4 5550 4 5625 7 5794 4 5806 4 5881 7 6050 4 6062 4 6138 6 6306 4 6318 4 6394 6 6562 5 6575 3 6649 7 6819 4 6831 3 6903 9 7075 3 7087 3 7159 9 7332 2 7343 3 7414 10 7588 1 7593 1 7599 4 7670 10 7844 3 7855 4 7926 10 8102 2 8110 5 8182 10 8367 4 8438 10 8622 5 8695 9 8878 5 8952 7 9112 1 9130 1 9132 1 9134 6 9209 4 9391 6 9625 1 9648 6 9882 1 9904 6 10160 7 10415 8 10671 8 10928 8 11185 8 11443 7 11698 9 11955 9 12212 8 12468 9 12727 7 12983 9 13239 10 13496 12 13510 2 13753 16 14010 12 14267 10 14524 8 14782 6 15041 3 15810 4 16065 7 16321 8 16576 11 16832 11 17087 13 17115 1 17343 2 17346 10 17599 2 17602 9 17855 2 17860 6 17885 2 18111 1 18116 3 18141 3 18398 3 18655 3 18881 1 18911 4 19167 4 19423 5 19680 4 19936 5 20192 5 20449 4 20705 4 20962 4 21218 4 21475 4 21733 6 21990 6 22248 5 22506 5 22763 4 22992 2 23019 4 23248 2 23275 4 23505 3 23529 7 23762 3 23772 2 23784 8 24019 3 24028 3 24039 9 24275 4 24284 4 24293 10 24528 1 24531 4 24540 5 24547 7 24760 1 24762 1 24787 4 24796 12 25016 2 25019 1 25022 1 25043 3 25054 8 25268 1 25270 1 25272 2 25275 5 25300 2 25311 3 25524 1 25527 1 25529 2 25532 4 25554 1 25556 2 25776 1 25781 1 25783 2 25786 7 25810 4 26036 5 26043 6 26054 1 26067 3 26294 4 26299 6 26309 2 26323 4 26341 1 26546 1 26550 11 26568 1 26580 3 26600 1 26802 1 26805 12 26822 1 26824 1 26837 2 27062 9 27078 1 27093 2 27318 7 27326 1 27328 2 27338 1 27350 1 27574 10 27585 1 27594 1 27831 10 27842 1 28087 12 28344 11 28356 1 28600 14 28859 8 28868 2 29116 10 29144 2 29149 1 29155 2 29375 6 29400 6 29411 3 29632 5 29654 1 29656 6 29667 4 29889 4 29911 7 29923 4 30144 1 30148 1 30150 1 30166 8 30179 4 30404 2 30423 7 30435 4 30659 4 30664 2 30679 7 30691 3 30918 1 30935 7 30947 3 31173 1 31176 2 31192 6 31203 3 31432 2 31436 1 31449 5 31459 4 31688 2 31692 1 31704 6 31717 2 31944 2 31948 2 31962 4 31973 2 32201 2 32204 5 32219 2 32231 1 32457 2 32461 2 32464 1 32714 1 32717 5 32745 1 32973 2 32976 2 33230 1 33232 3 33484 1 33488 2 33516 2 33740 3 33744 3 33773 3 34000 3 34016 1 34031 2 34253 7 34270 5 34287 3 34510 7 34525 6 34544 3 34766 8 34780 6 34801 3 35020 1 35022 8 35035 7 35059 2 35276 11 35290 7 35316 2 35533 11 35547 6 35573 3 35790 10 35802 4 35830 4 36044 12 36059 3 36074 8 36087 4 36302 11 36315 3 36330 9 36343 5 36556 7 36564 3 36572 2 36586 12 36599 6 36815 8 36827 1 36829 1 36842 9 36856 7 37072 7 37081 2 37086 2 37098 21 37328 7 37338 1 37354 21 37584 7 37594 2 37599 2 37609 22 37841 1 37844 4 37850 2 37855 2 37862 25 38097 2 38100 2 38107 1 38110 1 38112 2 38117 27 38348 1 38354 1 38356 2 38360 1 38366 1 38369 2 38373 26 38614 1 38622 2 38626 2 38630 26 38867 1 38870 1 38883 29 39126 1 39140 3 39147 21 39380 1 39382 3 39397 4 39403 21 39630 1 39636 6 39652 1 39654 26 39893 5 39911 25 40149 6 40156 1 40168 24 40406 1 40408 5 40422 1 40425 23 40662 9 40678 11 40692 12 40920 7 40935 8 40948 12 41176 7 41191 7 41205 11 41432 2 41436 3 41448 6 41461 11 41689 1 41694 1 41704 6 41717 11 41961 7 41973 11 42218 7 42230 10 42474 7 42485 11 42732 5 42742 10 42992 2 42998 10 43254 10 43510 10 43767 9 44024 8 44280 8 44537 7 44794 6 45050 6 45306 6 45550 4 45562 6 45806 3 45819 5 46060 1 46062 5 46075 5 46316 6 46331 5 46572 7 46588 4 46826 7 46845 3 47085 4 47101 3 47340 5 47357 3 47598 3 47613 3 47855 1 47870 2 48110 3 48126 2 48367 2 48382 2 48620 1 48622 3 48638 2 48879 3 48894 2 49134 2 49150 2 49390 3 49405 3 49646 3 49661 3 49904 1 49916 4 50158 4 50171 5 50416 2 50427 5 50672 3 50676 2 50682 6 50928 2 50938 6 51186 1 51188 1 51190 1 51194 6 51450 6 51701 1 51704 1 51706 6 51962 6 52218 6 52472 8 52730 6 52986 6 53242 6 53498 6 53750 1 53754 6 54004 4 54010 6 54260 1 54262 3 54267 5 54517 4 54523 5 54772 6 54779 5 55028 1 55030 2 55033 7 55282 1 55284 1 55286 10 55542 10 55798 10 56053 11 56308 12 56564 12 56820 12 57076 12 57331 13 57587 13 57844 12 58100 12 58356 12 58611 13 58867 13 59124 12 59380 12 59636 12 59892 12 60148 12 60405 11 60662 10 60918 10 61174 10 61431 9 61689 7 61945 7 62202 6 62458 6 62715 5 62971 5 63228 4 63484 4 63741 3 63997 3 64253 3 64509 3 64765 3 65021 3 65275 5 65528 8
000046,108 18 363 21 618 23 874 23 1129 25 1385 25 1641 25 1897 26 2153 28 2409 29 2665 30 2921 30 3178 29 3434 28 3472 4 3690 27 3728 5 3946 26 3983 6 4202 25 4239 6 4458 25 4496 5 4714 24 4753 3 4928 5 4971 23 5014 6 5089 3 5183 7 5227 22 5270 8 5343 7 5439 7 5483 22 5525 9 5599 8 5695 7 5740 21 5781 9 5855 9 5951 7 5996 21 6037 9 6111 9 6206 7 6252 21 6294 7 6366 11 6447 5 6457 11 6508 21 6550 5 6622 12 6701 9 6711 12 6764 20 6878 13 6951 29 7019 21 7134 13 7204 32 7275 20 7390 13 7459 34 7531 17 7646 13 7714 35 7786 16 7904 11 7968 37 8043 15 8162 8 8223 38 8299 13 8419 6 8479 37 8557 8 8677 2 8734 38 8990 38 9207 1 9245 38 9461 6 9500 39 9711 13 9754 40 9965 16 10009 41 10218 19 10264 41 10472 21 10520 41 10726 23 10775 43 10981 24 11031 43 11237 25 11287 43 11493 26 11542 44 11749 27 11797 44 12005 27 12053 44 12262 25 12309 43 12518 24 12565 43 12730 1 12774 23 12821 42 12985 2 13030 22 13077 42 13241 2 13287 20 13334 41 13497 2 13544 10 13556 6 13591 40 13752 4 13802 7 13814 2 13849 38 14007 5 14059 6 14106 37 14263 6 14316 4 14362 37 14519 5 14619 5 14628 27 14776 4 14886 24 15143 23 15400 21 15656 20 15912 19 16167 19 16422 19 16678 6 16686 10 16935 4 19828 3 20084 3 20131 7 20228 2 20341 2 20386 8 20481 6 20641 10 20736 8 20896 11 20992 8 21152 11 21249 6 21408 12 21506 4 21664 13 21920 14 22177 14 22433 15 22689 15 22945 15 23201 14 23457 14 23714 12 23970 11 24228 7 26453 3 26708 5 26963 7 27219 7 27476 5 27733 3 40232 2 40485 7 40739 10 40994 11 41250 12 41506 11 41762 11 42018 11 42274 10 42530 10 42786 10 43043 9 43300 8 43557 7 43693 1 43814 6 43947 10 44070 6 44201 15 44325 7 44456 21 44580 9 44711 25 44836 9 44967 28 45093 8 45223 29 45349 8 45479 30 45607 5 45735 36 45864 3 45991 37 46246 38 46502 38 46757 39 47012 40 47268 41 47524 43 47779 46 48035 47 48291 49 48547 51 48712 4 48804 51 48967 11 49060 52 49221 14 49317 53 49476 16 49573 54 49730 18 49830 54 49986 18 50087 53 50241 19 50343 54 50497 19 50599 54 50753 18 50855 53 51009 18 51111 53 51265 17 51367 52 51521 17 51623 50 51778 15 51879 47 52035 14 52135 45 52292 13 52391 43 52550 10 52647 42 52809 7 52903 32 52937 5 53066 6 53159 31 53193 4 53323 5 53416 30 53580 3 53672 29 53928 29 54185 27 54300 2 54442 25 54555 4 54700 23 54811 5 54957 21 55067 5 55214 20 55323 5 55471 19 55580 4 55728 18 55835 6 55984 17 56091 6 56241 16 56346 8 56499 13 56601 9 56757 9 56854 12 57109 13 57365 12 57621 12 57877 11 58133 10 58389 9 58646 7 58903 6 59161 2 62872 3 63127 5 63382 7 63638 7 63893 8 64149 8 64405 8 64662 7 64918 7 65175 7 65432 5
315120,0 65536
317877,0 65536
655919,0 255 256 20224 20481 255 20737 255 20993 255 21249 255 21506 254 21762 254 22018 254 22274 254 22531 253 22787 253 23043 253 23299 253 23555 253 23811 253 24068 252 24324 252 24580 252 24837 251 25093 251 25349 251 25605 251 25861 251 26118 250 26374 250 26630 250 26886 250 27142 250 27399 249 27655 249 27911 246 28168 240 28424 235 28680 231 28936 226 29192 220 29448 216 29705 212 29961 206 30217 202 30473 197 30729 192 30986 187 31242 183 31498 178 31755 173 32011 168 32267 164 32523 159 32779 153 33035 149 33292 143 33548 139 33804 135 34060 130 34317 125 34573 120 34829 115 35085 111 35342 105 35598 100 35854 97 36110 91 36366 86 36623 81 36879 77 37135 72 37391 67 37647 63 37904 57 38160 52 38416 49 38672 44 38929 38 39185 33 39441 29 39697 24 39953 20 40210 14 40466 10 40722 5 40978 1
000006,192 56 447 57 702 58 958 58 1213 58 1469 58 1724 59 1980 60 2235 61 2491 62 2747 62 3003 62 3259 62 3514 63 3762 70 4015 74 4270 77 4525 79 4780 81 5035 28 5067 52 5290 28 5324 52 5545 28 5580 52 5800 28 5836 52 6056 26 6093 51 6311 25 6349 51 6567 25 6605 51 6823 24 6860 52 7079 23 7116 52 7335 22 7371 53 7592 20 7626 54 7849 17 7881 55 8106 5 8116 1 8137 55 8392 56 8647 57 8902 58 9157 59 9411 60 9666 61 9921 62 10177 61 10432 62 10688 62 10944 62 11201 62 11457 62 11714 62 11971 61 12228 60 12485 59 12743 57 13000 56 13256 56 13513 55 13769 55 14025 55 14282 54 14538 54 14795 53 15052 52 15308 52 15565 51 15820 4 15826 46 16075 5 16082 46 16330 54 16585 55 16840 56 17095 57 17350 58 17605 59 17860 60 18116 60 18373 59 18629 10 18640 14 18656 32 18886 7 18896 12 18914 30 19152 11 19170 30 19408 10 19427 29 19664 10 19684 28 19920 9 19941 7 19952 16 20177 8 20198 5 20212 1 20221 2 20435 4 21722 4 21974 9 22228 11 22483 13 22738 14 22993 15 23248 16 23503 17 23759 17 24014 19 24053 2 24270 20 24308 4 24527 14 24544 2 24563 6 24573 2 24783 12 24819 7 24827 5 25040 10 25076 12 25296 9 25333 11 25553 7 25590 10 25810 4 25847 9 26103 9 26358 10 26613 11 26869 11 27125 11 27380 12 27636 12 27892 12 28148 12 28404 12 28660 12 28916 12 29171 13 29426 14 29681 15 29937 15 30193 14 30449 9 30707 6 30964 3 55850 1 65043 2
000020,0 65536
409913,0 65536
544420,0 65536
962767,0 12565 12566 254 12822 253 13077 511 13594 252 13850 51686
976097,0 53757 53760 251 54016 249 54272 247 54528 244 54784 242 55040 240 55296 238 55552 235 55808 233 56064 230 56320 228 56576 226 56832 224 57088 222 57344 219 57600 217 57856 215 58112 212 58368 210 58624 207 58880 205 59136 203 59392 201 59648 199 59904 196 60160 194 60416 192 60672 190 60928 188 61184 185 61440 183 61696 180 61952 178 62208 176 62464 173 62720 171 62976 169 63232 167 63488 164 63744 162 64000 160 64256 157 64512 155 64768 153 65024 151 65280 148
000033, 
000091, 
474754,0 65536
255544,0 15104 15105 255 15361 255 15617 255 15874 254 16130 254 16386 254 16643 253 16899 253 17155 253 17412 252 17668 252 17924 252 18181 251 18437 251 18693 251 18950 250 19206 250 19462 250 19719 249 19975 249 20231 249 20488 248 20744 248 21000 248 21257 247 21513 247 21769 247 22026 246 22282 246 22538 246 22795 245 23051 245 23307 245 23564 244 23820 244 24077 243 24333 243 24589 243 24845 243 25102 242 25358 242 25615 241 25871 241 26127 241 26383 241 26640 240 26896 240 27153 239 27409 239 27665 239 27921 239 28178 238 28434 238 28691 237 28947 237 29203 237 29459 237 29716 236 29972 236 30229 235 30485 235 30741 235 30997 235 31254 234 31510 234 31767 233 32023 233 32279 233 32535 233 32792 232 33048 232 33305 231 33561 231 33817 231 34073 231 34330 230 34586 230 34843 229 35099 229 35355 229 35611 229 35868 228 36124 228 36381 227 36637 227 36893 227 37149 227 37406 226 37662 226 37919 225 38175 225 38431 225 38688 224 38944 224 39200 224 39457 223 39713 223 39969 223 40225 223 40482 222 40738 222 40995 221 41251 221 41507 221 41763 221 42020 220 42276 220 42533 219 42789 219 43045 219 43301 219 43558 218 43814 218 44071 217 44327 217 44583 217 44839 217 45096 216 45352 216 45609 215 45865 215 46121 215 46378 214 46634 214 46890 214 47147 213 47403 213 47659 213 47916 212 48172 212 48428 212 48685 211 48941 211 49197 211 49454 210 49710 210 49966 210 50223 209 50479 209 50735 209 50992 208 51248 208 51504 208 51761 207 52017 207 52273 207 52530 206 52786 206 53042 206 53299 205 53555 205 53811 205 54068 204 54324 204 54580 204 54837 203 55093 203 55349 203 55606 202 55862 202 56118 202 56375 201 56631 201 56887 201 57144 200 57400 200 57656 200 57913 199 58169 199 58425 199 58682 198 58938 198 59194 198 59451 197 59707 197 59963 197 60220 196 60476 196 60732 196 60989 195 61245 195 61501 195 61758 194 62014 194 62270 194 62527 193 62783 193 63039 193 63296 192 63552 192 63808 192 64065 191 64321 191 64577 191 64834 190 65090 190 65346 190
158770,0 65326 65329 207
688285,13 243 270 242 526 242 782 242 1038 242 1295 241 1551 241 1807 241 2063 241 2319 241 2576 240 2832 240 3088 240 3344 240 3600 240 3857 239 4113 239 4369 239 4625 239 4881 239 5138 238 5394 238 5650 238 5907 237 6163 237 6419 237 6675 237 6931 237 7187 237 7444 236 7700 236 7956 236 8213 235 8469 235 8725 235 8981 235 9237 235 9493 235 9750 234 10006 234 10262 234 10518 234 10775 233 11031 233 11287 233 11543 233 11799 233 12056 232 12312 232 12568 232 12824 232 13081 231 13337 231 13593 231 13849 231 14105 231 14362 230 14618 230 14874 230 15130 230 15386 230 15643 229 15899 229 16155 229 16411 229 16667 229 16924 228 17180 228 17436 228 17693 227 17949 227 18205 227 18461 227 18717 227 18973 227 19230 226 19486 226 19742 226 19999 225 20255 225 20511 225 20767 225 21023 225 21279 225 21536 224 21792 224 22048 224 22304 224 22561 223 22817 223 23073 223 23329 223 23585 223 23842 222 24098 222 24354 222 24610 222 24867 221 25123 221 25379 221 25635 221 25891 221 26148 220 26404 220 26660 220 26916 220 27173 219 27429 219 27685 219 27941 219 28197 219 28453 219 28710 218 28966 218 29222 218 29479 217 29735 217 29991 217 30247 217 30503 217 30759 217 31016 216 31272 216 31528 216 31785 215 32041 215 32297 215 32553 215 32809 215 33065 215 33322 214 33578 214 33834 214 34090 214 34347 213 34603 213 34859 213 35115 213 35371 213 35628 212 35884 212 36140 212 36396 212 36653 211 36909 211 37165 211 37421 211 37677 211 37934 210 38190 210 38446 210 38702 210 38959 209 39215 209 39471 209 39727 209 39983 209 40239 209 40496 208 40752 208 41008 208 41265 207 41521 207 41777 207 42033 207 42289 207 42546 206 42802 206 43058 206 43314 206 43571 205 43827 205 44083 205 44339 205 44595 205 44851 205 45108 204 45364 204 45620 204 45876 204 46133 203 46389 203 46645 203 46901 203 47157 203 47414 202 47670 202 47926 202 48182 202 48439 201 48695 201 48951 201 49207 201 49463 201 49720 200 49976 200 50232 200 50488 200 50745 199 51001 199 51257 199 51513 199 51769 199 52025 199 52282 198 52538 198 52794 198 53051 197 53307 197 53563 197 53819 197 54075 197 54332 196 54588 196 54844 196 55100 196 55357 195 55613 195 55869 195 56125 195 56381 195 56637 195 56894 194 57150 194 57406 194 57662 194 57919 193 58175 193 58431 193 58687 193 58943 193 59200 192 59456 192 59712 192 59968 192 60225 191 60481 191 60737 191 60993 191 61249 191 61506 190 61762 190 62018 190 62274 190 62531 189 62787 189 63043 189 63299 189 63555 189 63811 189 64068 188 64324 188 64580 188 64837 187 65093 187 65349 187
680771,0 65536
000076,0 65536
596931,0 65536
142027,0 65536
487629,0 65536
442157,0 65536
933048,0 18945 18946 255 19203 254 19459 254 19714 45822
000012,875 5 1129 9 1384 11 1640 11 1896 11 2153 10 2409 9 2666 7 2923 5 2935 6 3187 11 3440 15 3695 17 3950 18 4206 18 4461 18 4716 18 4972 16 5228 15 5484 14 5740 12 5996 11 6253 9 6509 9 6766 8 7023 6 7281 1 13190 8 13444 12 13699 13 13954 14 14210 14 14466 14 14723 12 14980 10 15238 7 21244 4 21500 4 21755 5 22011 5 22267 5 22524 4 22782 2 32116 5 32341 6 32371 8 32596 10 32627 8 32851 13 32883 8 33101 20 33140 7 33355 23 33398 5 33610 24 33865 25 34121 25 34378 22 34635 19 34893 10 35172 10 35428 11 35683 12 35939 12 36196 10 36452 9 36710 3 39756 4 40011 7 40265 10 40520 12 40775 14 41030 15 41285 15 41539 17 41793 18 42048 19 42303 22 42559 23 42815 23 43070 25 43326 26 43582 26 43837 28 44090 31 44344 33 44599 35 44855 35 45110 36 45366 36 45622 37 45879 36 46135 35 46391 35 46612 3 46647 34 46867 5 46903 34 47122 6 47159 34 47377 7 47415 34 47632 8 47671 34 47887 9 47928 32 48143 10 48186 29 48400 9 48447 23 48656 9 48704 20 48913 8 48960 20 49168 8 49217 19 49424 4 49474 19 49679 5 49729 21 49936 4 49985 21 50193 2 50241 22 50496 23 50752 24 51008 24 51263 25 51519 25 51775 24 52031 24 52287 24 52543 24 52733 1 52800 23 52988 3 53057 22 53244 4 53314 20 53499 5 53570 19 53754 6 53825 19 54009 7 54081 18 54263 9 54337 16 54518 10 54594 13 54644 3 54774 10 54850 10 54899 6 55030 10 55106 10 55155 7 55286 10 55363 8 55411 7 55543 9 55593 4 55619 7 55668 7 55800 8 55848 6 55876 5 55924 9 56057 6 56103 8 56133 3 56180 10 56359 9 56436 11 56615 19 56692 11 56872 19 56948 12 57118 3 57127 20 57204 12 57373 6 57381 22 57460 13 57629 29 57716 13 57886 28 57972 14 58143 27 58228 14 58399 28 58484 15 58656 27 58695 5 58740 16 58917 23 58949 8 58996 17 59174 22 59204 9 59233 4 59252 18 59431 20 59459 11 59489 6 59508 19 59687 20 59714 12 59744 8 59764 21 59914 4 59943 19 59970 13 60000 8 60020 22 60169 6 60199 18 60225 14 60256 8 60277 22 60424 8 60454 19 60481 15 60512 7 60534 21 60679 9 60709 20 60736 16 60768 7 60791 21 60935 10 60960 1 60966 20 60992 16 61024 7 61048 20 61190 12 61203 2 61224 18 61248 15 61280 6 61304 20 61445 19 61482 16 61504 15 61538 3 61560 20 61700 22 61738 16 61760 14 61815 21 61955 25 61995 15 62017 12 62071 20 62210 29 62251 15 62275 9 62326 21 62466 31 62507 14 62534 4 62582 20 62721 33 62763 14 62837 20 62977 36 63019 13 63093 20 63233 38 63274 14 63349 20 63489 40 63531 13 63604 21 63744 42 63787 13 63860 21 64000 43 64044 11 64116 21 64257 54 64372 21 64514 52 64622 2 64628 21 64770 51 64878 3 64884 20 65026 50 65134 2 65140 20 65282 44 65396 18
513583,0 65536
809952,1790 2 2041 7 2295 9 2547 13 2801 15 3053 19 3306 22 3559 25 3812 28 4065 31 4318 34 4571 37 4823 41 5076 44 5329 47 5582 50 5835 53 6088 56 6341 59 6593 63 6847 65 7099 69 7353 71 7605 75 7858 78 8111 81 8364 84 8617 87 8869 91 9122 94 9375 97 9628 100 9881 103 10134 106 10387 109 10639 113 10893 115 11145 119 11399 121 11651 125 11904 128 12157 131 12410 134 12663 137 12915 141 13168 144 13421 147 13674 150 13927 153 14180 156 14433 159 14685 163 14939 165 15191 169 15445 171 15697 175 15950 178 16203 181 16456 184 16709 187 16961 191 17214 194 17467 197 17720 200 17973 203 18225 207 18479 209 18731 213 18985 215 19237 219 19491 221 19743 225 19996 228 20249 231 20502 234 20755 237 21007 241 21260 244 21513 247 21766 250 22019 43517
000053,0 65536
418853,0 65536
524214,0 65536
372637,0 33126 33127 22627 55755 255 56011 7383 63396 254 63653 254 63909 255 64165 1371
000025,36862 1 37118 2 37373 3 37630 2 37886 2 38653 2 38907 4 39162 6 39417 7 39673 7 39929 7 40185 7 40442 6 40698 6 40956 4 41214 1 50942 1 51196 3 51447 9 51695 17 51950 18 52206 18 52463 17 52720 16 52977 15 53234 14 53490 14 53747 13 54003 13 54260 12 54517 11 54724 2 54775 9 54978 6 55032 8 55234 6 55289 7 55490 6 55545 7 55746 6 55801 7 56003 4 56057 7 56313 7 56569 7 56826 6 57082 6 57338 6 57594 6 57850 6 58106 6 58362 6 58617 7 58873 7 59129 7 59385 7 59642 6 59898 6 60154 6 60410 6 60666 6 60922 6 61178 6 61434 6 61689 7 61943 9 62198 10 62454 10 62709 11 62965 11 63221 11 63477 11 63733 11 63988 12 64244 12 64500 12 64756 12 65013 11 65269 11 65526 10
461675,0 20491 20493 45043
255132,0 65536
529350,49 207 305 207 561 207 817 207 1074 206 1330 206 1586 206 1842 206 2099 205 2355 205 2611 205 2867 205 3123 205 3380 204 3636 204 3892 204 4148 204 4405 203 4661 203 4917 203 5173 203 5429 203 5686 202 5942 202 6198 202 6454 202 6710 202 6967 201 7223 201 7479 201 7735 201 7991 201 8248 200 8504 200 8760 200 9016 200 9273 199 9529 199 9785 199 10041 199 10297 199 10553 199 10810 198 11066 198 11322 198 11578 198 11835 197 12091 197 12347 197 12603 197 12859 197 13115 197 13372 196 13628 196 13884 196 14141 195 14397 195 14653 195 14909 195 15165 195 15421 195 15678 194 15934 194 16190 194 16446 194 16702 194 16959 193 17215 193 17471 193 17727 193 17983 193 18240 192 18496 192 18752 192 19008 192 19264 192 19521 191 19777 191 20033 191 20289 191 20545 191 20802 190 21058 190 21314 190 21570 190 21827 189 22083 189 22339 189 22595 189 22851 189 23108 188 23364 188 23620 188 23876 188 24132 188 24389 187 24645 187 24901 187 25157 187 25413 187 25670 186 25926 186 26182 186 26438 186 26695 185 26951 185 27207 185 27463 185 27719 185 27975 185 28232 184 28488 184 28744 184 29000 184 29257 183 29513 183 29769 183 30025 183 30281 183 30538 182 30794 182 31050 182 31306 182 31562 182 31819 181 32075 181 32331 181 32587 181 32843 181 33100 180 33356 180 33612 180 33868 180 34124 180 34381 179 34637 179 34893 179 35149 179 35405 179 35662 178 35918 178 36174 178 36430 178 36687 177 36943 177 37199 177 37455 177 37711 177 37967 177 38224 176 38480 176 38736 176 38992 176 39249 175 39505 175 39761 175 40017 175 40273 175 40530 174 40786 174 41042 174 41298 174 41554 174 41811 173 42067 173 42323 173 42579 173 42835 173 43092 172 43348 172 43604 172 43860 172 44117 171 44373 171 44629 171 44885 171 45141 171 45397 171 45654 170 45910 170 46166 170 46422 170 46679 169 46935 169 47191 169 47447 169 47703 169 47960 168 48216 168 48472 168 48728 168 48985 167 49241 167 49497 167 49753 167 50009 167 50265 167 50522 166 50778 166 51034 166 51290 166 51547 165 51803 165 52059 165 52315 165 52571 165 52827 165 53084 164 53340 164 53596 164 53852 164 54109 163 54365 163 54621 163 54877 163 55133 163 55389 163 55646 162 55902 162 56158 162 56414 162 56671 161 56927 161 57183 161 57439 161 57695 161 57951 161 58208 160 58464 160 58720 160 58976 160 59233 159 59489 159 59745 159 60001 159 60257 159 60514 158 60770 158 61026 158 61282 158 61539 157 61795 157 62051 157 62307 157 62563 157 62819 157 63076 156 63332 156 63588 156 63844 156 64101 155 64357 155 64613 155 64869 155 65125 155 65381 155
000075,0 65536
534649,0 65536
421383,0 19729 19730 255 19986 4097 24084 5126 29211 255 29467 36069
734470,0 173 256 173 512 173 768 173 1024 174 1280 174 1536 174 1792 175 2048 175 2304 175 2560 175 2816 176 3072 176 3328 176 3584 176 3840 177 4096 177 4352 177 4608 177 4864 178 5120 178 5376 178 5632 179 5888 179 6144 179 6400 179 6656 179 6912 180 7168 180 7424 180 7680 181 7936 181 8192 181 8448 181 8704 181 8960 182 9216 182 9472 182 9728 183 9984 183 10240 183 10496 183 10752 184 11008 184 11264 184 11520 185 11776 185 12032 185 12288 185 12544 185 12800 186 13056 186 13312 186 13568 186 13824 187 14080 187 14336 187 14592 187 14848 188 15104 188 15360 188 15616 189 15872 189 16128 189 16384 189 16640 190 16896 190 17152 190 17408 190 17664 191 17920 191 18176 191 18432 191 18688 192 18944 192 19200 192 19456 193 19712 193 19968 193 20224 193 20480 193 20736 194 20992 194 21248 194 21504 195 21760 195 22016 195 22272 195 22528 195 22784 196 23040 196 23296 196 23552 197 23808 197 24064 197 24320 197 24576 198 24832 198 25088 198 25344 199 25600 199 25856 199 26112 199 26368 199 26624 199 26880 200 27136 200 27392 200 27648 201 27904 201 28160 201 28416 202 28672 202 28928 202 29184 202 29440 203 29696 203 29952 203 30208 203 30464 204 30720 204 30976 204 31232 204 31488 205 31744 205 32000 205 32256 205 32512 206 32768 206 33024 206 33280 207 33536 207 33792 207 34048 207 34304 207 34560 208 34816 208 35072 208 35328 209 35584 209 35840 209 36096 209 36352 209 36608 210 36864 210 37120 210 37376 24 37401 186 37632 211 37888 211 38144 211 38400 212 38656 212 38912 212 39168 212 39424 213 39680 213 39936 213 40192 213 40448 214 40704 214 40960 214 41216 215 41472 215 41728 215 41984 215 42240 216 42496 216 42752 216 43008 216 43264 217 43520 217 43776 217 44032 217 44288 218 44544 218 44800 218 45056 218 45312 219 45568 219 45824 219 46080 219 46336 220 46592 220 46848 220 47104 221 47360 221 47616 221 47872 221 48128 221 48384 222 48640 222 48896 222 49152 223 49408 223 49664 223 49920 223 50176 224 50432 224 50688 224 50944 224 51200 225 51456 225 51712 225 51968 225 52224 226 52480 226 52736 226 52992 226 53248 227 53504 227 53760 227 54016 227 54272 228 54528 228 54784 228 55040 2 55043 226 55296 229 55552 229 55808 229 56064 229 56320 230 56576 230 56832 230 57088 231 57344 231 57600 231 57856 231 58112 232 58368 232 58624 232 58880 232 59136 233 59392 233 59648 233 59904 233 60160 234 60416 234 60672 234 60928 235 61184 235 61440 235 61696 235 61952 235 62208 236 62464 236 62720 236 62976 237 63232 237 63488 237 63744 237 64000 238 64256 238 64512 238 64768 238 65024 239 65280 239
925045,0 65536
504868,0 65536
000018,139 52 202 29 391 57 457 31 502 5 645 59 711 33 757 8 900 63 965 35 1012 10 1156 100 1267 12 1411 101 1523 12 1667 101 1778 14 1923 100 2034 14 2179 95 2290 14 2435 95 2546 14 2691 95 2802 14 2947 95 3057 15 3203 95 3311 17 3459 96 3566 18 3716 94 3822 18 3972 94 4077 19 4228 93 4332 20 4485 90 4586 22 4741 89 4840 24 4997 88 5094 26 5253 87 5349 27 5510 85 5604 28 5766 83 5860 28 6022 82 6115 29 6279 81 6370 30 6535 81 6626 30 6792 79 6882 30 7049 78 7137 31 7306 77 7393 31 7564 75 7649 31 7821 74 7905 31 8078 72 8162 30 8334 73 8418 30 8574 2 8591 72 8669 1 8674 30 8827 8 8847 113 9078 14 9103 113 9332 17 9359 113 9587 19 9615 113 9843 20 9870 114 10099 21 10125 115 10354 22 10381 115 10610 22 10636 116 10864 24 10892 116 11119 21 11148 116 11374 20 11404 116 11630 18 11661 115 11887 15 11917 115 12143 14 12173 115 12406 4 12429 115 12684 107 12792 8 12939 107 13048 8 13194 107 13304 8 13449 106 13561 7 13705 105 13817 7 13961 104 14075 5 14217 104 14333 2 14473 103 14729 103 14985 102 15241 102 15498 101 15754 100 16010 100 16267 99 16523 99 16780 98 17037 96 17296 93 17554 90 17811 88 18068 86 18324 83 18581 82 18839 80 19098 1 19100 76 19361 71 19620 69 19876 69 20133 69 20389 69 20646 68 20902 69 21159 68 21416 66 21673 65 21930 64 22187 45 22237 12 22446 41 22493 12 22704 39 22749 13 22962 56 23218 57 23475 56 23733 54 23990 54 24247 55 24504 54 24761 54 25018 53 25275 53 25532 12 25547 37 25598 2 25805 36 25853 3 26061 37 26099 3 26108 4 26317 44 26363 5 26572 52 26828 52 27082 54 27337 55 27593 55 27848 56 28104 56 28359 57 28615 57 28870 58 29126 58 29381 59 29629 5 29637 59 29884 68 30140 68 30395 69 30651 69 30908 68 31164 68 31421 67 31678 66 31934 66 32190 66 32446 66 32702 66 32958 66 33214 66 33470 66 33641 2 33726 66 33896 5 33904 4 33983 65 34151 14 34243 61 34407 14 34500 60 34662 15 34757 59 34918 15 35013 59 35174 15 35270 58 35429 15 35527 57 35685 15 35783 57 35941 16 36040 56 36192 23 36297 55 36447 25 36553 48 36604 4 36702 27 36810 45 36863 1 36958 27 37066 44 37214 27 37321 45 37471 26 37577 45 37727 25 37833 44 37984 24 38089 45 38240 24 38343 48 38497 4 38506 13 38597 51 38762 13 38852 52 39019 12 39108 52 39276 11 39363 53 39532 12 39619 52 39789 11 39875 51 40046 10 40131 51 40302 10 40387 51 40560 7 40642 51 40898 51 41153 51 41362 2 41409 51 41618 3 41664 52 41739 1 41874 3 41921 50 41993 5 42129 5 42177 49 42249 6 42315 3 42384 6 42433 49 42505 6 42570 5 42639 7 42690 49 42761 6 42825 6 42894 8 42947 48 43018 4 43081 6 43133 11 43150 7 43207 45 43337 6 43387 15 43406 7 43464 43 43593 6 43643 17 43661 7 43721 42 43849 5 43898 26 43977 41 44105 5 44154 26 44233 41 44305 10 44362 2 44410 26 44488 42 44559 14 44666 27 44744 41 44813 17 44922 27 45000 40 45068 19 45178 28 45255 41 45324 20 45435 27 45511 40 45580 21 45691 27 45767 39 45836 22 45947 27 46023 38 46092 23 46203 28 46279 32 46348 23 46459 28 46536 20 46558 8 46604 23 46714 29 46792 19 46816 5 46860 23 46969 30 47049 18 47116 23 47224 31 47306 16 47372 23 47480 31 47564 3 47573 4 47629 21 47736 31 47885 21 47991 32 48142 20 48247 32 48400 18 48503 31 48659 15 48760 29 48924 6 49016 25 49180 6 49272 23 49436 6 49528 21 49692 6 49784 20 49949 5 50041 17 50206 3 50298 15 50556 13 50814 10 51071 8 51328 5 55379 6 55633 13 55870 4 55887 17 56125 6 56140 21 56379 10 56392 26 56634 40 56889 42 57144 44 57399 45 57653 48 57907 50 58162 52 58418 52 58674 52 58930 52 59188 50 59444 49 59701 47 59957 47 60212 49 60468 52 60724 53 60979 55 61236 55 61492 55 61748 55 62003 56 62259 56 62515 56 62771 55 63027 54 63284 53 63540 52 63798 9 63809 18 63832 3 63836 12 64056 5 64066 14 64095 9 64324 5 64352 7 64611 3 65093 2 65349 3
435772,0 211 220 1 222 1 224 7 232 1 234 5 252 1 256 87 344 124 475 26 504 1 506 3 512 87 601 122 768 217 989 14 1004 2 1008 13 1024 216 1244 34 1280 216 1499 35 1536 216 1755 35 1791 216 2010 15 2026 236 2266 25 2292 699 2992 255 3250 230 3483 20 3504 1 3508 1 3510 72 3584 104 3691 70 3767 71 3840 175 4016 3 4024 70 4096 165 4262 14 4280 70 4352 165 4518 7 4526 7 4540 66 4608 181 4798 64 4864 171 5036 9 5046 1 5057 61 5120 183 5316 58 5376 181 5558 1 5562 1 5573 57 5632 166 5800 12 5818 5 5830 56 5888 151 6042 11 6056 13 6074 7 6082 1 6085 57 6144 153 6302 6 6313 11 6327 71 6399 156 6560 5 6568 11 6582 175 6758 57 6819 7 6827 7 6837 8 6847 3 6853 159 7016 58 7077 6 7092 10 7108 52 7164 177 7346 747 8094 255 8351 95 8447 158 8606 75 8682 20 8704 163 8868 70 8939 19 8959 164 9124 71 9196 183 9380 79 9472 163 9636 255 9892 255 10148 255 10404 27 10434 253 10688 1 10690 1 10692 186 10881 25 10907 38 10950 183 11137 26 11164 5 11170 33 11204 1 11206 182 11391 254 11646 29 11676 1 11678 39 11718 1 11720 29 11750 165 11917 252 12174 247 12422 2 12430 50 12484 58 12543 139 12686 51 12738 1 12740 1 12742 56 12800 131 12932 5 12941 52 12999 55 13056 116 13176 10 13188 5 13196 51 13248 1 13250 1 13252 1 13256 1 13258 52 13312 137 13452 53 13507 3 13514 52 13568 137 13708 51 13760 1 13762 5 13770 52 13824 136 13964 50 14015 1 14019 4 14027 39 14069 9 14080 137 14220 51 14272 1 14274 5 14283 21 14317 17 14335 138 14476 51 14529 6 14538 22 14573 17 14591 138 14732 51 14784 1 14786 5 14794 23 14820 1 14822 1 14824 1 14829 146 14976 9 14988 52 15041 6 15050 24 15076 1 15080 2 15085 146 15232 9 15244 51 15296 7 15305 32 15341 146 15489 2 15492 5 15500 17 15522 72 15596 147 15744 32 15778 37 15816 33 15852 155 16008 53 16062 7 16071 33 16107 144 16253 11 16268 51 16320 1 16326 27 16362 532 16896 254 17152 194 17347 59 17408 193 17604 58 17664 193 17860 3 17864 54 17920 193 18116 2 18122 52 18176 191 18368 1 18372 3 18378 52 18432 191 18624 2 18628 2 18634 52 18688 191 18880 3 18884 1 18886 1 18890 52 18944 135 19080 1 19082 1 19092 43 19136 2 19140 1 19146 190 19338 1 19348 43 19392 7 19400 1 19402 189 19604 43 19648 2 19651 200 19852 1 19854 1 19856 1 19860 43 19904 204 20110 2 20115 45 20161 202 20364 5 20371 248 20621 2 20626 252 20881 46 20928 1 20930 202 21135 49 21187 12 21211 244 21468 242 21724 243 21982 243 22238 243 22482 3 22486 3 22494 242 22750 243 22994 1 22996 1 22998 1 23000 1 23005 244 23253 3 23261 166 23433 72 23506 1 23508 3 23512 3 23518 242 23764 4 23769 1 23773 244 24018 1 24020 6 24029 244 24281 1 24285 164 24450 79 24530 1 24532 1 24534 1 24536 1 24540 164 24706 86 24796 253 25052 252 25307 246 25562 537 26101 254 26357 9 26368 243 26612 10 26624 254 26880 163 27044 53 27098 9 27108 1 27110 23 27136 164 27302 56 27359 5 27366 1 27369 21 27392 163 27556 1 27558 55 27615 4 27622 1 27624 7 27633 6 27640 6 27648 164 27815 54 27871 4 27877 2 27881 6 27889 13 27904 165 28071 55 28127 4 28133 2 28137 6 28145 13 28160 120 28282 42 28327 55 28383 5 28389 2 28393 7 28401 13 28416 121 28538 42 28583 60 28644 12 28657 13 28672 120 28793 43 28839 61 28902 24 28928 163 29095 70 29166 16 29184 163 29350 70 29422 181 29606 71 29678 181 29861 43 29905 27 29934 181 30116 51 30168 19 30188 17 30206 117 30325 792 31118 368 31487 232 31720 22 31744 229 31975 6 31982 16 31999 230 32230 1 32232 5 32238 16 32255 141 32398 86 32487 6 32494 159 32662 79 32742 1 32744 5 32750 158 32911 85 32997 8 33006 158 33165 96 33262 157 33421 95 33519 248 33768 4 33774 254 34030 254 34286 228 34517 21 34541 246 34789 4 34796 460 35258 47 35306 197 35504 8 35513 48 35562 197 35760 1 35762 55 35819 199 36019 1 36022 32 36056 18 36076 2 36079 194 36274 45 36320 11 36336 191 36531 8 36540 28 36570 4 36576 12 36592 119 36712 1 36714 69 36784 1 36786 9 36796 28 36825 12 36838 1 36840 5 36847 16 36864 102 36969 69 37043 58 37103 8 37114 3 37120 105 37226 69 37299 14 37316 41 37358 3 37363 3 37371 2 37376 174 37561 9 37572 23 37596 2 37600 16 37619 10 37632 100 37736 69 37806 1 37816 55 37874 11 37888 101 37992 70 38066 59 38126 1 38130 11 38144 107 38252 55 38310 8 38321 60 38382 15 38400 108 38510 53 38565 9 38576 78 38656 104 38761 2 38766 127 38894 16 38912 104 39017 3 39022 56 39081 66 39149 7 39158 8 39168 107 39278 55 39336 61 39398 1 39405 9 39424 107 39533 53 39591 322 39916 504 40422 5 40428 2 40431 245 40678 5 40687 253 40944 253 41201 252 41457 253 41713 248 41962 4 41969 248 42219 1 42225 124 42350 125 42480 120 42602 2 42606 127 42734 6136 48871 12592 61464 1275 62740 2796
000039,0 65536
252446,0 40701 40704 251 40960 249 41216 4 41223 239 41472 6 41484 232 41728 242 41984 240 42240 237 42496 235 42752 233 43008 231 43264 229 43520 226 43776 224 44032 221 44288 219 44544 217 44800 214 45056 212 45312 210 45568 208 45824 205 46080 203 46336 201 46592 198 46848 196 47104 194 47360 192 47616 190 47872 187 48128 185 48384 182 48640 181 48896 179 49152 176 49408 174 49664 172 49920 169 50176 167 50432 164 50688 162 50944 160 51200 158 51456 156 51712 153 51968 151 52224 149 52480 147 52736 145 52992 142 53248 140 53504 137 53760 135 54016 133 54272 131 54528 129 54784 126 55040 124 55296 122 55552 119 55808 117 56064 115 56320 113 56576 110 56832 108 57088 106 57344 103 57600 101 57856 99 58112 97 58368 94 58624 92 58880 90 59136 87 59392 85 59648 83 59904 81 60160 79 60416 76 60672 74 60928 72 61184 69 61440 67 61696 64 61952 62 62208 60 62464 58 62720 56 62976 53 63232 52 63488 49 63744 47 64000 44 64256 42 64512 40 64768 37 65024 35 65280 33
799155,0 48999 49000 255 49257 16279
980103,0 5332 5333 255 5589 255 5845 255 6101 8942 15044 15295 30340 1020 31361 2680 34042 14854 48897 258 49156 8367 57524 258 57784 255 58040 255 58296 7240
797883,0 65536
623676,0 738 739 253 994 38131 39126 255 39382 16627 56010 255 56266 2527 58794 3109 61904 1780 63686 1850
567096,0 65536
000083,0 65536
106940,0 65536
000087,0 65536
677723,0 65536
000013,199 9 454 10 711 9 968 5 6538 2 6792 6 7047 8 7302 10 7557 11 7812 12 8067 14 8323 14 8579 14 8835 13 9092 11 9349 3 9873 3 9907 3 10128 5 10162 5 10384 5 10417 7 10629 4 10639 6 10673 7 10879 22 10928 9 11134 23 11183 10 11202 4 11389 24 11438 13 11456 9 11645 24 11693 30 11902 24 11948 31 12158 25 12203 32 12415 24 12459 32 12671 24 12714 32 12927 24 12969 32 13183 24 13225 31 13439 24 13480 31 13695 23 13736 31 13951 22 13992 31 14206 22 14248 31 14461 23 14504 32 14716 23 14760 32 14971 24 15016 33 15226 24 15272 33 15482 24 15527 35 15737 24 15783 17 15802 17 15993 23 16038 18 16059 22 16249 22 16294 18 16315 24 16505 21 16550 18 16572 25 16760 21 16806 18 16828 28 17016 20 17062 17 17085 30 17273 17 17319 15 17341 32 17529 16 17576 14 17597 32 17786 15 17832 15 17853 33 18043 13 18089 15 18108 35 18301 9 18346 14 18364 35 18603 13 18620 35 18860 8 18875 36 19118 4 19130 38 19384 40 19640 40 19895 41 20151 41 20407 41 20663 42 20919 42 21175 41 21431 41 21688 39 21944 38 22200 38 22455 38 22711 38 22966 38 23222 38 23478 37 23733 37 23989 36 24244 36 24500 36 24756 35 25013 33 25269 32 25525 32 25781 32 26037 33 26294 32 26550 32 26807 31 27065 6 27073 21 27322 4 27331 19 27588 18 27845 18 28102 18 28359 17 28616 17 28873 16 29130 15 29387 14 29644 13 29901 11 30159 8 30416 5
191621,0 65536
000055,0 65536
614290,15355 5 15608 8 15860 12 16114 14 16366 18 16618 22 16870 26 17123 29 17375 33 17628 36 17881 39 18134 42 18386 46 18638 50 18890 54 19143 57 19395 61 19647 65 19900 68 20153 71 20405 75 20658 78 20910 82 21163 85 21415 89 21668 92 21919 97 22173 99 22425 103 22678 106 22930 110 23183 113 23435 117 23687 121 23940 124 24193 127 24445 131 24698 134 24949 139 25202 142 25455 145 25708 148 25960 152 26212 156 26464 160 26718 162 26969 167 27222 170 27474 174 27728 176 27979 181 28232 184 28484 188 28737 191 28989 195 29242 198 29494 202 29747 205 29999 209 30253 211 30504 216 30757 219 31009 223 31262 226 31514 230 31767 233 32019 237 32271 241 32523 245 32777 247 33029 251 33282 32254
000095,0 65536
489967,0 65536
830714,0 65536
609763,0 65425 65426 110
982804,0 65536
000038,0 55825 55827 253 56085 248 56342 248 56599 246 56856 246 57112 244 57369 243 57613 1 57625 242 57882 240 58123 1 58139 239 58396 238 58652 232 58885 1 58887 1 58909 231 59143 1 59165 231 59423 228 59680 227 59937 226 60194 224 60451 223 60707 223 60963 223 61219 223 61477 221 61705 1 61733 221 61990 220 62217 1 62219 1 62247 219 62505 217 62761 217 63018 216 63275 215 63532 214 63788 214 64045 213 64302 212 64557 214 64773 5 64806 730
470274,0 12013 12016 1087 13104 52432
243578,29182 2 29435 5 29687 9 29941 11 30193 15 30447 17 30699 21 30953 23 31205 27 31459 29 31711 33 31965 35 32218 38 32471 41 32724 44 32977 47 33230 50 33483 53 33736 56 33989 59 34242 62 34495 65 34748 68 35001 71 35254 74 35508 76 35761 79 36014 82 36267 85 36520 88 36773 91 37026 94 37279 97 37532 100 37785 103 38038 106 38291 109 38544 112 38797 115 39050 118 39303 121 39557 123 39809 127 40063 129 40315 133 40569 135 40821 139 41075 141 41327 145 41581 147 41833 151 42087 153 42339 157 42593 159 42846 162 43099 165 43352 168 43605 171 43858 174 44111 177 44364 180 44617 183 44870 186 45123 189 45376 192 45629 195 45882 198 46135 201 46389 203 46642 206 46895 209 47148 212 47401 215 47654 218 47907 221 48160 224 48413 227 48666 230 48919 233 49172 236 49425 239 49678 242 49931 245 50185 247 50437 251 50691 14845
000003,0 65536
295041,0 65536
000079,29 59 285 60 541 60 797 61 1054 61 1310 62 1567 61 1823 62 2079 62 2335 61 2589 63 2844 63 3099 63 3331 6 3355 62 3585 10 3611 60 3840 12 3866 60 4096 13 4114 66 4352 83 4608 82 4864 82 5120 81 5376 80 5632 71 5708 3 5888 69 6144 69 6400 69 6656 70 6912 70 7168 70 7424 50 7476 18 7680 50 7732 17 7936 68 8192 67 8448 66 8704 58 8960 58 9216 58 9472 57 9728 56 9984 55 10240 52 10496 51 10752 50 11008 49 11264 47 11520 47 11776 46 12032 46 12289 44 12545 44 12801 43 13057 43 13313 43 13569 43 13824 45 14080 46 14336 46 14592 47 14848 47 15104 47 15360 47 15616 46 15872 46 16128 46 16384 46 16640 46 16896 8 16908 34 17152 6 17164 34 17408 5 17420 34 17665 3 17676 34 17933 33 18189 33 18446 31 18693 1 18706 26 18948 3 18962 25 19200 8 19219 22 19456 9 19477 17 19712 11 19734 9 19968 13 19992 6 20224 14 20249 4 20480 16 20736 17 20992 18 21248 19 21504 21 21760 22 22016 24 22272 24 22528 25 22784 25 23040 25 23296 26 23552 27 23808 28 24064 29 24320 30 24576 30 24832 31 25060 4 25088 31 25315 7 25344 32 25571 8 25600 32 25656 12 25826 9 25856 32 25899 8 25909 16 26083 9 26112 33 26154 27 26339 9 26368 34 26409 29 26596 8 26624 70 26854 4 26880 69 27136 69 27392 69 27648 69 27904 70 28074 6 28160 71 28320 2 28329 8 28416 72 28574 5 28583 11 28672 72 28830 20 28928 72 29086 20 29184 72 29341 21 29440 72 29597 22 29696 72 29852 23 29952 73 30107 25 30208 73 30362 27 30464 74 30618 28 30720 74 30874 29 30976 73 31130 29 31232 73 31387 29 31488 72 31643 29 31744 69 31899 29 31937 4 32000 68 32155 30 32187 1 32192 6 32256 69 32412 35 32448 8 32512 70 32673 39 32768 40 32810 29 32929 41 33024 39 33070 25 33185 42 33280 39 33328 23 33440 44 33536 38 33585 21 33696 45 33792 38 33843 14 33952 45 34048 39 34099 12 34207 47 34304 42 34356 10 34463 47 34560 43 34613 9 34719 47 34816 44 34872 3 34975 47 35072 44 35231 47 35328 44 35486 48 35584 44 35742 47 35840 44 35998 47 36096 44 36254 47 36352 44 36511 46 36608 43 36767 46 36864 43 37023 46 37120 42 37279 46 37376 42 37535 45 37632 41 37791 45 37888 40 38047 44 38144 39 38303 43 38400 34 38559 43 38614 4 38658 31 38816 42 38869 7 38917 27 39052 3 39072 49 39123 10 39185 10 39307 5 39328 61 39442 7 39563 6 39584 61 39700 4 39818 7 39839 62 40074 7 40095 62 40329 8 40352 61 40584 9 40608 60 40839 10 40865 58 41095 10 41121 59 41183 1 41351 11 41378 64 41607 11 41634 65 41864 11 41890 66 42120 12 42147 50 42198 14 42376 12 42404 41 42455 13 42632 13 42660 40 42711 14 42888 18 42916 39 42968 12 43145 17 43172 38 43224 12 43401 17 43428 37 43480 11 43657 16 43684 35 43736 10 43914 12 43941 33 43993 8 44170 11 44197 31 44249 7 44426 11 44454 26 44506 5 44682 12 44710 26 44763 3 44902 3 44938 12 44968 23 45157 5 45166 3 45194 12 45225 21 45413 13 45451 11 45482 20 45669 13 45707 12 45739 18 45924 14 45963 12 45996 15 46180 13 46219 13 46253 13 46435 13 46475 17 46510 10 46691 13 46731 19 46767 7 46948 10 46987 21 47025 2 47208 5 47244 15 47260 5 47501 13 47517 4 47757 12 47773 4 48012 13 48028 5 48268 21 48524 20 48781 18 48805 5 48818 4 49037 18 49060 7 49073 7 49294 17 49315 8 49328 10 49552 16 49571 8 49582 13 49809 43 50065 43 50320 45 50576 46 50764 4 50831 47 51019 6 51087 47 51274 8 51343 47 51530 8 51599 47 51785 10 51855 47 52041 10 52111 47 52297 10 52367 47 52553 11 52623 47 52809 12 52879 47 53065 13 53135 47 53321 14 53391 46 53578 13 53647 45 53834 13 53903 44 54090 13 54160 41 54346 12 54415 41 54601 13 54671 40 54858 11 54927 40 55114 10 55183 40 55371 9 55440 38 55628 4 55698 36 55885 1 55955 34 56213 30 56472 2 56478 15 56735 11 56991 11 57249 8 57508 4 60433 1 64884 4 65139 7 65396 4
614416,0 65536
715702,0 65536
664566,0 65536
126135,0 592 593 4992 5586 52271 57858 255 58115 253 58371 253 58627 253 58883 253 59139 253 59395 253 59651 253 59907 253 60163 253 60419 253 60675 254 60930 4606
432339,0 65536
867180,0 65536
000068,0 65536
000023,3 37 116 35 241 14 257 40 371 37 497 14 513 41 627 36 752 16 769 42 883 36 961 1 1008 16 1025 43 1139 36 1214 7 1265 15 1281 44 1395 36 1467 11 1521 15 1538 43 1652 35 1721 14 1778 14 1796 41 1908 36 1974 17 2035 13 2053 41 2164 36 2228 19 2291 13 2310 40 2421 35 2483 21 2548 12 2566 40 2677 35 2738 23 2804 12 2822 40 2934 34 2994 24 3061 11 3078 40 3190 33 3249 26 3317 11 3334 41 3446 32 3505 26 3573 11 3590 8 3601 30 3703 30 3761 35 3828 12 3847 6 3858 29 3959 30 4014 42 4084 12 4104 3 4115 28 4215 30 4269 45 4339 13 4372 27 4471 30 4525 47 4595 13 4628 27 4727 30 4781 49 4851 13 4886 25 4983 29 5037 50 5090 6 5107 13 5143 24 5238 29 5292 61 5364 12 5401 23 5494 28 5548 61 5620 12 5658 22 5750 28 5804 62 5876 12 5915 21 6006 27 6060 63 6132 12 6173 3 6180 13 6262 26 6315 65 6388 12 6438 11 6518 25 6571 66 6645 11 6695 10 6774 24 6827 66 6901 11 6953 8 7029 25 7083 67 7157 11 7210 6 7285 25 7339 67 7413 11 7540 27 7595 67 7669 11 7796 28 7851 67 7924 12 8052 28 8095 2 8107 66 8180 12 8307 29 8350 4 8364 65 8436 12 8563 29 8606 5 8621 21 8643 41 8692 12 8818 31 8862 5 8880 17 8901 38 8948 12 9074 31 9118 5 9138 15 9159 35 9205 11 9330 31 9374 5 9394 15 9416 33 9462 10 9586 32 9631 3 9651 14 9673 32 9720 8 9842 31 9908 13 9930 30 9977 7 10099 30 10164 13 10187 29 10234 6 10326 5 10358 26 10402 6 10422 10 10443 29 10490 6 10580 12 10615 24 10657 11 10679 7 10699 29 10746 6 10834 16 10872 22 10913 13 10955 30 11003 5 11089 19 11129 21 11168 19 11211 30 11259 5 11285 1 11344 23 11390 15 11424 21 11467 31 11516 4 11540 4 11599 27 11653 7 11680 22 11723 31 11774 2 11796 4 11853 31 11911 4 11936 22 11979 31 12052 4 12108 33 12192 23 12235 32 12270 3 12309 2 12364 34 12448 23 12492 39 12620 36 12705 22 12748 40 12877 38 12960 23 13005 39 13134 38 13216 24 13262 39 13390 39 13470 26 13528 9 13545 13 13646 39 13725 27 13786 6 13801 14 13902 39 13980 28 14042 7 14057 14 14158 39 14235 28 14297 10 14313 14 14413 40 14489 30 14552 12 14569 15 14600 1 14669 40 14741 34 14807 15 14824 16 14855 2 14925 40 14996 35 15062 33 15181 40 15251 36 15317 34 15436 40 15507 36 15572 36 15691 40 15762 37 15828 36 15947 38 16018 36 16084 37 16203 38 16273 35 16340 38 16459 38 16528 34 16597 37 16715 38 16784 33 16854 36 16971 39 17039 35 17111 35 17187 8 17227 39 17295 37 17368 33 17442 11 17483 39 17551 39 17625 31 17697 13 17739 39 17808 42 17883 28 17953 13 17995 38 18064 44 18141 23 18208 15 18251 38 18321 45 18398 21 18464 15 18507 39 18577 46 18655 20 18719 16 18739 4 18763 40 18833 47 18912 20 18974 17 18993 10 19020 43 19089 47 19169 20 19230 17 19248 12 19276 44 19345 47 19425 21 19486 31 19532 45 19601 48 19651 5 19681 22 19741 32 19789 45 19858 47 19906 7 19938 21 19997 32 20045 45 20114 55 20194 22 20253 33 20302 18 20325 22 20370 55 20451 21 20509 33 20559 16 20582 21 20607 1 20626 55 20708 20 20765 34 20816 13 20840 26 20882 55 20964 20 21021 35 21074 5 21098 24 21138 55 21221 25 21276 36 21354 24 21395 55 21478 25 21532 37 21610 24 21651 37 21690 16 21734 25 21787 38 21866 23 21905 39 21947 15 21990 25 22042 39 22121 23 22160 40 22204 14 22246 25 22296 41 22377 19 22415 41 22460 14 22501 24 22551 42 22632 19 22670 43 22716 13 22756 24 22806 44 22888 19 22925 45 22972 13 23012 21 23061 45 23144 18 23181 59 23268 18 23317 21 23343 19 23400 10 23414 2 23435 60 23523 19 23572 22 23600 19 23657 8 23690 50 23741 9 23774 25 23828 22 23856 19 23914 6 23945 51 23999 4 24028 27 24085 21 24112 19 24171 2 24201 50 24283 28 24341 21 24368 18 24457 50 24539 27 24598 19 24625 17 24714 11 24726 37 24794 28 24855 17 24881 17 24971 8 24983 36 25050 28 25112 15 25138 15 25229 2 25240 35 25305 29 25369 13 25394 14 25496 35 25561 30 25628 9 25651 9 25730 5 25754 32 25816 33 25887 4 25908 7 25984 7 26013 29 26072 34 26165 5 26238 9 26277 21 26328 35 26422 3 26493 10 26534 19 26584 35 26748 10 26791 6 26800 8 26841 35 27003 10 27027 2 27045 6 27058 5 27097 35 27257 11 27282 4 27299 9 27354 34 27506 17 27538 5 27554 10 27610 34 27758 20 27794 5 27810 11 27866 34 28013 21 28052 1 28066 11 28122 34 28269 21 28322 11 28379 32 28475 3 28525 21 28579 9 28636 30 28729 7 28782 22 28835 8 28893 28 28936 1 28984 9 29039 22 29093 5 29149 28 29190 5 29239 10 29296 22 29406 27 29445 6 29494 11 29553 22 29662 27 29701 7 29750 11 29809 22 29919 27 29958 5 30005 11 30065 23 30175 28 30214 5 30262 9 30314 29 30431 29 30472 2 30518 7 30569 30 30687 29 30813 5 30824 31 30943 29 31068 7 31080 30 31198 29 31313 4 31324 9 31336 29 31454 20 31478 4 31568 7 31579 41 31710 20 31824 51 31966 21 32080 52 32222 21 32336 53 32478 22 32592 57 32735 21 32847 60 32994 18 33103 62 33251 17 33359 63 33508 17 33615 65 33764 17 33871 35 33909 28 33951 4 34019 18 34128 32 34165 30 34206 6 34275 19 34384 30 34421 31 34460 8 34530 20 34640 29 34676 32 34711 13 34785 21 34896 29 34932 48 35041 21 35152 29 35187 49 35297 21 35375 3 35408 29 35443 49 35552 22 35630 6 35664 28 35698 49 35808 21 35885 9 35920 27 35954 49 36064 20 36132 4 36141 12 36176 26 36211 47 36320 20 36387 6 36398 13 36432 23 36467 47 36576 19 36642 7 36654 14 36689 20 36724 46 36776 9 36805 4 36832 19 36895 10 36910 14 36947 5 36955 8 36981 45 37029 16 37060 7 37088 19 37150 11 37164 16 37214 3 37239 65 37315 8 37344 19 37405 12 37418 18 37496 65 37571 9 37601 17 37661 31 37752 66 37826 11 37857 17 37917 30 38007 40 38048 29 38080 13 38114 15 38173 29 38262 39 38304 45 38355 4 38370 14 38429 28 38518 39 38560 46 38609 8 38628 10 38672 2 38685 27 38774 39 38816 46 38865 8 38886 7 38927 3 38942 25 39030 14 39046 24 39072 58 39183 4 39198 25 39286 12 39307 19 39327 60 39439 3 39454 25 39542 11 39563 81 39696 1 39711 24 39799 9 39819 20 39840 60 39967 24 40056 6 40075 19 40096 61 40223 23 40255 5 40331 19 40353 60 40479 24 40509 11 40587 18 40609 60 40736 7 40747 30 40843 17 40866 59 40994 4 41005 29 41100 15 41123 58 41263 27 41356 14 41380 28 41414 22 41521 25 41613 13 41637 27 41671 21 41721 5 41778 24 41870 12 41895 25 41927 20 41975 8 42034 24 42126 11 42151 25 42183 20 42230 10 42291 23 42382 10 42408 23 42438 20 42486 10 42548 22 42639 8 42663 24 42694 20 42741 11 42805 20 42896 3 42917 25 42950 20 42997 11 43062 17 43171 25 43205 20 43252 12 43319 14 43341 8 43426 22 43460 21 43508 12 43576 13 43594 12 43681 20 43716 20 43765 11 43834 11 43849 14 43922 4 43937 16 43971 21 44021 11 44091 10 44105 15 44155 1 44177 8 44193 15 44226 21 44277 11 44346 11 44361 15 44409 5 44432 13 44449 14 44481 22 44533 11 44601 11 44617 15 44664 7 44688 31 44737 22 44789 11 44856 12 44873 15 44920 8 44931 3 44943 31 44993 21 45044 12 45111 12 45129 15 45176 14 45199 24 45226 3 45249 21 45301 10 45367 11 45386 14 45432 14 45454 23 45506 13 45520 6 45536 2 45557 9 45623 10 45642 14 45688 14 45710 23 45763 7 45778 3 45790 6 45814 5 45880 7 45899 12 45943 14 45966 23 46046 7 46136 5 46155 13 46196 17 46222 23 46301 9 46412 12 46451 17 46478 23 46555 11 46668 11 46706 18 46734 23 46810 12 46924 11 46962 16 46990 23 47065 13 47181 9 47218 15 47246 22 47320 14 47437 8 47474 7 47486 1 47501 23 47576 14 47694 3 47730 6 47757 23 47832 14 47986 5 48013 23 48089 12 48243 1 48269 22 48346 10 48525 22 48603 6 48690 8 48781 22 48945 10 49037 22 49201 11 49217 1 49294 20 49456 20 49506 10 49551 8 49561 8 49631 2 49708 26 49761 13 49808 5 49820 4 49834 5 49886 4 49963 27 50016 15 50065 3 50084 2 50089 9 50142 4 50219 27 50272 15 50339 21 50362 6 50399 3 50475 26 50527 16 50594 31 50732 24 50783 15 50844 37 50989 22 51039 14 51098 40 51250 10 51261 5 51295 13 51352 42 51507 6 51551 12 51607 42 51807 10 51862 42 52064 8 52117 42 52320 6 52372 42 52577 5 52626 44 52834 3 52881 44 53137 44 53393 43 53649 43 53905 42 54162 41 54419 39 54676 38 54933 37 55190 36 55447 34 55703 32 55960 28 56217 26 56473 24 56730 22 56847 4 56897 3 56986 19 57102 6 57125 3 57131 3 57152 7 57242 17 57357 12 57379 12 57407 11 57499 14 57613 13 57634 14 57662 13 57755 13 57869 13 57889 15 57918 18 58013 9 58124 14 58144 20 58174 20 58373 1 58379 15 58399 23 58429 23 58624 25 58655 23 58685 27 58880 24 58910 25 58941 29 59136 21 59166 26 59196 31 59333 2 59392 17 59422 61 59586 7 59648 13 59677 62 59836 14 59904 11 59933 62 60089 17 60160 10 60188 63 60342 21 60416 9 60444 62 60595 24 60672 8 60699 63 60850 25 60928 6 60955 63 61105 24 61211 63 61360 19 61467 63 61616 18 61723 63 61872 18 61910 2 61980 62 62128 17 62158 14 62236 61 62384 17 62411 18 62493 60 62640 16 62665 22 62688 7 62749 10 62764 15 62783 4 62790 19 62896 16 62920 32 63006 8 63022 12 63047 18 63152 16 63176 33 63262 7 63279 10 63307 14 63408 16 63431 34 63518 6 63536 8 63565 11 63664 16 63687 35 63776 1 63793 5 63822 9 63919 17 63942 37 64080 6 64175 17 64197 38 64431 16 64453 38 64687 15 64708 40 64942 15 64964 40 65198 14 65219 41 65455 8 65476 40
417960,0 65536
995278,0 24831 24832 252 25088 250 25344 248 25600 245 25856 243 26112 241 26368 239 26624 236 26880 234 27136 232 27392 229 27648 228 27904 225 28160 223 28416 221 28672 218 28928 216 29184 214 29440 211 29696 209 29952 207 30208 205 30464 202 30720 200 30976 198 31232 196 31488 194 31744 191 32000 189 32256 186 32512 184 32768 182 33024 179 33280 177 33536 174 33792 173 34048 170 34304 168 34560 166 34816 164 35072 161 35328 159 35584 156 35840 154 36096 153 36352 150 36608 148 36864 146 37120 144 37376 141 37632 139 37888 137 38144 134 38400 132 38656 129 38912 127 39168 124 39424 123 39680 121 39936 118 40192 116 40448 114 40704 111 40960 109 41216 107 41472 105 41728 102 41984 100 42240 98 42496 96 42752 94 43008 91 43264 89 43520 86 43776 84 44032 82 44288 80 44544 77 44800 75 45056 73 45312 71 45568 68 45824 66 46080 63 46336 61 46592 59 46848 57 47104 54 47360 51 47616 49 47872 47 48128 45 48384 43 48640 41 48896 39 49152 37 49408 34 49664 32 49920 29 50176 27 50432 24 50688 22 50944 20 51200 18 51456 16 51712 13 51968 11 52224 9 52480 6 52736 4 52992 2
490941,0 255 256 444 709 20025 20735 255 20991 255 21247 44289
192744,0 65536
891930,78 178 334 178 591 177 847 177 1103 177 1359 177 1616 176 1872 176 2128 176 2385 175 2641 175 2898 174 3154 174 3410 174 3666 174 3923 173 4179 173 4436 172 4692 172 4948 172 5205 171 5461 171 5717 171 5973 171 6230 170 6486 170 6742 170 6998 170 7255 169 7511 169 7767 169 8024 168 8280 168 8536 168 8793 167 9049 167 9305 167 9562 166 9818 166 10074 166 10330 166 10587 165 10843 165 11099 165 11356 164 11612 164 11868 164 12124 164 12381 163 12637 163 12893 163 13150 162 13406 162 13662 162 13918 162 14175 161 14431 161 14688 160 14944 160 15200 160 15456 160 15713 159 15969 159 16225 159 16482 158 16738 158 16994 158 17250 158 17507 157 17763 157 18019 157 18275 157 18532 156 18788 156 19045 155 19301 155 19557 155 19813 155 20070 154 20326 154 20582 154 20839 153 21095 153 21351 153 21607 153 21864 152 22120 152 22376 152 22633 151 22889 151 23145 151 23402 150 23658 150 23914 150 24171 149 24427 149 24683 149 24940 148 25196 148 25452 148 25708 148 25965 147 26221 147 26477 147 26734 146 26990 146 27246 146 27503 145 27759 145 28015 145 28271 145 28528 144 28784 144 29040 144 29297 143 29553 143 29809 143 30065 143 30322 142 30578 142 30835 141 31091 141 31347 141 31603 141 31859 141 32116 140 32372 140 32629 139 32885 139 33141 139 33398 138 33654 138 33910 138 34166 138 34423 137 34679 45 34728 88 34935 43 34982 90 35192 41 35236 1 35238 90 35448 45 35495 89 35704 44 35752 1 35754 86 35961 135 36217 40 36259 93 36473 135 36730 41 36775 89 36986 134 37242 134 37499 133 37755 133 38011 133 38268 132 38524 132 38781 131 39037 131 39293 131 39549 131 39806 130 40062 130 40318 130 40575 129 40831 129 41087 129 41344 128 41600 128 41856 128 42112 128 42368 128 42625 127 42881 127 43138 126 43394 126 43650 126 43906 126 44163 125 44419 125 44675 125 44932 124 45188 124 45444 124 45700 124 45957 123 46213 123 46469 123 46726 122 46982 122 47239 121 47495 121 47751 121 48007 121 48264 120 48520 120 48776 120 49033 119 49289 119 49545 119 49801 119 50057 119 50314 118 50570 118 50827 117 51083 117 51339 117 51595 117 51852 116 52108 116 52364 116 52621 115 52877 115 53133 115 53390 114 53646 114 53902 114 54159 113 54415 113 54671 113 54928 112 55184 112 55440 112 55696 112 55953 111 56209 111 56465 111 56722 110 56978 110 57234 110 57491 109 57747 109 58003 109 58260 108 58516 108 58772 108 59028 108 59285 107 59541 107 59797 107 60054 106 60310 106 60566 106 60822 106 61079 105 61335 105 61592 104 61848 104 62104 104 62360 104 62617 103 62873 103 63129 103 63386 102 63642 102 63898 102 64154 102 64411 101 64667 101 64923 101 65179 101 65436 100
000078,0 65536
250616,0 65536
399102,0 21218 21219 36600 57820 7716
000007,0 65536
500314,0 35365 35366 16537 51904 13632
000027,153 10 408 11 665 10 922 9 1179 7 1436 5 1694 2 5213 5 5466 9 5721 12 5976 14 6231 17 6487 17 6744 17 7000 18 7257 17 7513 17 7769 17 8025 17 8281 17 8537 16 8793 15 9049 12 9306 9 9563 5 10176 1 10430 6 10471 5 10684 9 10722 11 10940 10 10978 11 11195 12 11233 13 11444 19 11489 12 11698 22 11743 14 11951 25 11997 16 12206 27 12252 17 12461 28 12508 17 12716 29 12763 18 12932 6 12972 28 13019 26 13186 10 13228 28 13274 28 13441 12 13483 29 13529 29 13696 13 13739 30 13785 30 13951 14 13996 31 14040 31 14179 3 14206 15 14252 32 14296 31 14433 7 14462 14 14508 36 14552 32 14588 3 14689 7 14717 15 14765 37 14808 32 14843 5 14944 9 14973 16 15021 39 15066 38 15200 9 15218 6 15228 17 15277 39 15324 36 15456 9 15471 30 15532 41 15581 35 15713 7 15725 32 15788 41 15838 34 15970 4 15980 33 16043 43 16096 32 16235 34 16299 43 16354 30 16491 33 16554 44 16613 27 16747 32 16809 45 16870 26 17003 32 17063 47 17127 25 17260 30 17317 49 17385 23 17517 29 17572 50 17642 22 17773 28 17827 51 17898 22 18029 28 18082 52 18153 23 18284 28 18338 51 18409 23 18540 29 18593 51 18664 24 18796 29 18848 52 18919 25 19052 29 19104 51 19175 25 19296 2 19308 29 19360 51 19430 26 19550 6 19565 29 19616 52 19686 26 19805 9 19822 28 19873 51 19941 27 20061 10 20080 7 20089 17 20129 51 20197 27 20316 12 20338 3 20346 16 20386 50 20452 28 20572 12 20603 15 20642 12 20656 36 20707 29 20828 13 20860 13 20899 10 20914 34 20962 29 21064 2 21085 12 21117 10 21156 8 21171 32 21218 27 21317 6 21341 12 21374 4 21414 5 21428 31 21473 28 21572 8 21597 13 21687 28 21730 26 21827 9 21853 13 21944 27 21986 25 22082 11 22109 13 22201 25 22244 21 22338 11 22365 13 22458 24 22502 16 22594 11 22621 13 22714 24 22759 13 22850 11 22877 13 22971 23 23017 10 23107 10 23134 12 23227 24 23277 4 23363 9 23391 10 23484 24 23620 8 23648 8 23739 27 23878 5 23907 3 23995 27 24250 28 24506 28 24574 1 24761 29 24828 4 24943 4 25017 29 25081 7 25198 6 25273 28 25335 9 25453 8 25528 29 25589 11 25709 8 25782 31 25844 12 25964 10 26035 33 26099 13 26219 11 26286 38 26355 13 26474 11 26541 39 26611 13 26729 12 26796 41 26868 12 26985 12 27051 42 27124 12 27241 12 27306 43 27380 12 27497 13 27562 43 27637 11 27753 14 27817 43 27894 10 28009 14 28073 43 28152 8 28265 15 28329 43 28413 3 28521 15 28584 44 28778 15 28840 44 29034 15 29096 45 29290 15 29352 44 29545 16 29609 43 29801 15 29865 43 30057 15 30122 41 30313 14 30378 40 30569 14 30634 34 30670 1 30825 14 30891 32 31082 12 31147 32 31338 12 31408 5 31417 17 31594 11 31674 16 31851 9 31931 15 32107 8 32188 13 32365 3 32444 11 32702 7 34384 6 34637 11 34892 13 35147 15 35403 15 35658 17 35914 17 36170 17 36426 17 36683 16 36939 15 37196 14 37452 13 37710 9 37970 3 38882 8 39136 13 39383 23 39631 5 39637 26 39742 6 39885 34 39997 8 40140 36 40252 12 40395 37 40508 14 40650 38 40764 15 40905 38 41020 16 41161 38 41277 15 41417 38 41534 14 41672 39 41791 13 41928 39 42047 13 42184 39 42304 11 42439 40 42518 4 42561 6 42694 41 42774 5 42950 41 43031 4 43072 2 43205 42 43326 5 43461 42 43582 6 43717 42 43838 6 43973 42 44094 6 44228 43 44350 7 44485 42 44606 6 44741 42 44863 5 44998 41 45255 40 45512 38 45769 37 46026 34 46282 31 46538 30 46794 30 47049 31 47305 31 47560 33 47816 33 48072 33 48328 34 48584 34 48840 34 49095 35 49351 35 49607 35 49862 36 50118 37 50373 39 50629 39 50884 40 51138 42 51392 44 51647 26 51677 15 51902 26 51938 8 52157 26 52196 3 52375 11 52413 25 52631 12 52670 24 52886 14 52926 23 53141 15 53181 24 53396 16 53437 24 53530 1 53652 16 53692 25 53907 17 53948 26 54163 17 54204 28 54294 4 54419 17 54460 30 54548 7 54674 18 54717 31 54803 8 54927 21 54974 31 55058 9 55182 22 55210 2 55231 30 55314 9 55437 22 55466 2 55488 30 55570 9 55692 21 55744 30 55826 9 55947 20 56000 30 56081 9 56197 25 56257 29 56298 8 56337 8 56452 27 56505 6 56514 27 56553 12 56593 7 56706 30 56761 7 56770 27 56808 14 56849 6 56961 32 57016 8 57027 26 57064 15 57105 5 57217 32 57272 8 57284 25 57320 16 57362 3 57472 34 57529 6 57540 25 57576 16 57728 34 57786 4 57796 25 57832 17 57983 36 58053 24 58088 17 58239 36 58309 11 58322 11 58344 19 58494 38 58566 8 58580 8 58600 22 58750 38 58822 7 58836 7 58856 24 59007 38 59078 7 59094 3 59112 24 59263 38 59335 5 59368 24 59519 38 59592 4 59623 25 59776 37 59878 26 60033 36 60133 27 60289 36 60388 28 60546 35 60644 28 60803 10 60816 21 60899 29 61062 4 61074 19 61155 29 61332 16 61411 29 61589 14 61667 29 61923 29 62179 29 62435 29 62690 30 62946 30 63202 30 63458 30 63713 31 63969 31 64225 31 64481 31 64738 30 64994 30 65250 30 65507 29
822622,3070 2 3323 5 3574 10 3827 13 4078 18 4331 21 4583 25 4835 29 5087 33 5340 36 5591 41 5843 45 6095 49 6347 53 6600 56 6852 60 7104 64 7356 68 7608 72 7860 76 8112 80 8364 84 8616 88 8868 92 9120 96 9373 99 9624 104 9877 107 10128 112 10381 115 10633 119 10886 122 11137 127 11389 131 11641 135 11894 138 12145 143 12397 147 12649 151 12902 154 13154 158 13406 162 13658 166 13910 170 14162 174 14414 178 14666 182 14919 185 15170 190 15423 193 15674 198 15927 201 16178 206 16431 209 16683 213 16936 216 17187 221 17440 224 17691 229 17944 232 18195 237 18447 241 18700 244 18952 248 19204 46332
990714,0 52222 52223 255 52479 255 52735 255 52991 255 53248 254 53503 255 53760 254 54016 254 54272 254 54528 254 54783 255 55039 255 55295 255 55551 255 55808 254 56064 254 56320 8967 65294 19 65314 3 65322 4 65337 2 65340 18 65360 9 65373 2 65376 6 65386 12 65400 19 65420 14 65436 1 65441 2 65444 3 65448 62 65514 22
000059,0 65536
000073,0 65536
246347,0 65536
283388,0 65278 65279 257
000017,223 32 473 39 736 32 994 30 1251 29 1508 28 1766 26 2023 25 2280 24 2537 23 2795 21 3052 20 3308 20 3564 20 3821 19 4077 19 4334 18 4593 15 4851 13 5109 11 5367 9 5624 8 5880 8 6136 8 6392 8 6648 8 6905 7 7161 7 7417 7 7673 7 7929 7 8184 8 8439 9 8694 10 8941 2 8949 11 9195 21 9450 22 9706 22 9962 22 10218 22 10474 22 10730 22 10985 23 11240 24 11495 25 11751 25 12007 25 12263 25 12520 24 12776 24 13032 24 13288 24 13543 25 13798 26 14050 30 14305 31 14560 32 14816 32 15071 33 15326 34 15581 35 15836 36 16093 35 16350 34 16607 33 16864 32 17121 31 17377 31 17633 31 17890 30 18148 28 18405 27 18663 25 18919 25 19176 24 19432 24 19690 22 19941 3 19947 21 20196 5 20204 20 20451 6 20460 20 20706 7 20715 13 20730 6 20962 19 20987 5 21218 17 21243 5 21474 5 21481 9 21500 4 21729 4 21737 8 21756 4 21984 5 21994 7 22012 4 22239 7 22250 7 22268 4 22494 9 22506 6 22524 4 22747 13 22763 5 22780 4 23001 18 23020 3 23037 3 23257 18 23294 2 23514 17 23550 1 23770 16 23806 1 24027 5 24038 3 24285 1 24294 3 24318 1 24550 4 24574 1 24805 7 24829 3 25060 10 25085 3 25316 11 25340 4 25572 11 25596 4 25829 10 25852 4 26087 8 26108 4 26345 7 26364 4 26602 6 26619 5 26861 2 26875 5 27130 6 27386 6 27642 5 27899 4 28157 2 28414 1 32765 2 33021 2 33276 3 33533 2 40600 8 40854 14 41108 18 41364 20 41621 21 41879 21 42141 16 42399 15 42657 13 42916 10 43174 7 43433 3 45545 2 45566 1 45793 13 45821 2 46047 17 46077 3 46301 23 46325 1 46327 9 46554 38 46809 39 47064 40 47319 41 47574 42 47830 42 48077 4 48084 44 48332 52 48584 56 48839 57 49057 9 49094 58 49312 12 49349 59 49567 19 49605 59 49822 24 49860 60 50077 99 50333 99 50589 99 50845 99 51101 99 51357 99 51613 99 51868 100 52123 101 52378 92 52472 8 52634 102 52890 102 53147 101 53404 100 53660 100 53917 99 54174 98 54432 96 54690 94 54947 93 55204 92 55462 90 55721 87 55979 85 56236 84 56494 82 56751 81 57008 80 57265 79 57523 77 57785 71 58042 70 58298 70 58555 69 58811 69 59068 68 59324 68 59582 66 59839 65 60096 64 60351 65 60608 64 60864 64 61120 64 61377 63 61633 63 61890 62 62146 62 62402 62 62658 62 62914 62 63170 62 63426 62 63682 62 63938 62 64195 61 64450 62 64706 62 64959 65 65214 66 65472 51 65528 6
580290,0 65536
373056,0 65536
000045,0 4 8 248 257 255 513 255 771 253 1025 64463 65491 45
000051,13 30 144 24 238 8 268 32 399 26 493 9 524 32 568 3 654 28 749 9 779 33 823 4 909 30 1004 10 1035 33 1078 5 1165 31 1260 11 1291 32 1333 6 1421 32 1516 11 1547 32 1589 6 1677 33 1772 11 1803 32 1845 5 1933 33 2028 12 2060 31 2102 4 2188 34 2284 12 2317 29 2359 2 2444 34 2541 11 2574 28 2700 34 2798 10 2830 27 2956 33 3055 8 3086 26 3212 33 3312 7 3342 25 3468 33 3570 3 3597 21 3725 32 3853 20 3981 31 4109 20 4238 30 4364 22 4495 28 4620 24 4755 23 4876 24 5013 21 5132 26 5270 19 5388 26 5423 5 5527 18 5643 29 5678 7 5784 16 5899 31 5934 8 6041 15 6155 33 6190 8 6298 12 6411 42 6555 10 6668 41 6812 7 6924 41 7068 5 7181 39 7325 3 7437 39 7693 38 7949 37 8205 36 8461 36 8709 1 8718 12 8732 21 8974 10 8988 22 9232 7 9245 21 9502 20 9733 3 9758 20 9984 8 10016 18 10240 8 10273 17 10496 8 10530 16 10752 8 10786 16 11008 8 11043 14 11112 5 11264 7 11300 13 11366 9 11382 4 11520 7 11543 4 11557 11 11621 23 11776 8 11795 9 11815 8 11877 24 12032 29 12072 7 12132 26 12288 30 12328 6 12388 27 12544 30 12585 4 12644 28 12800 31 12900 28 13056 31 13155 30 13312 32 13412 30 13568 32 13667 31 13824 32 13924 31 14080 33 14179 33 14336 33 14435 33 14592 34 14691 33 14848 34 14948 31 15104 36 15204 30 15360 37 15461 29 15616 38 15718 29 15872 40 15974 30 16128 42 16231 30 16384 42 16486 31 16640 42 16742 31 16896 43 16997 32 17152 43 17252 33 17408 43 17506 35 17664 44 17762 35 17920 44 18017 36 18176 44 18273 36 18432 44 18528 37 18688 44 18784 37 18944 17 18962 27 19040 37 19200 17 19218 27 19296 37 19456 44 19551 38 19712 44 19800 4 19807 38 19968 43 20054 47 20224 43 20310 47 20480 42 20565 48 20736 41 20822 47 20992 41 21078 47 21248 41 21334 47 21504 41 21590 46 21760 41 21846 46 22016 40 22102 46 22272 40 22358 46 22528 40 22614 45 22784 40 22870 45 23040 40 23126 45 23296 41 23382 45 23552 41 23638 50 23808 41 23888 57 24064 42 24143 59 24320 42 24398 61 24576 41 24654 61 24832 41 24909 63 25074 4 25088 41 25164 64 25329 7 25344 41 25420 65 25583 58 25676 65 25782 15 25837 60 25932 66 26035 21 26092 61 26188 66 26290 23 26347 62 26444 50 26497 12 26545 25 26603 62 26700 50 26754 11 26770 2 26799 28 26858 63 26956 49 27012 8 27024 8 27054 29 27114 63 27212 48 27272 2 27278 14 27309 31 27370 37 27408 25 27468 47 27533 18 27564 32 27626 36 27665 23 27709 6 27724 42 27767 1 27787 21 27819 34 27882 36 27922 22 27964 8 27981 40 28042 23 28075 35 28133 41 28179 20 28219 9 28237 40 28297 24 28332 34 28384 32 28418 12 28436 18 28475 10 28493 39 28551 27 28588 34 28640 32 28677 9 28692 16 28730 11 28749 16 28767 21 28806 28 28845 33 28895 33 28934 7 28949 14 28986 11 29005 15 29023 21 29060 30 29101 34 29151 33 29190 7 29206 12 29241 13 29261 15 29280 19 29315 31 29357 34 29407 33 29448 4 29462 11 29497 13 29518 12 29536 19 29569 33 29613 34 29663 33 29719 9 29753 13 29775 4 29793 17 29819 39 29870 32 29919 13 29935 17 29975 9 30009 13 30049 17 30074 40 30126 32 30176 10 30192 16 30231 8 30265 12 30305 16 30329 41 30382 32 30434 6 30448 16 30488 6 30521 12 30562 15 30585 41 30638 31 30705 15 30745 4 30777 12 30818 15 30840 42 30893 31 30962 14 31032 13 31074 14 31096 42 31149 31 31218 14 31287 15 31330 13 31352 42 31405 30 31475 13 31543 15 31586 12 31608 41 31661 30 31731 13 31798 17 31842 11 31863 42 31917 31 31988 12 32053 18 32099 9 32119 41 32173 31 32244 12 32308 18 32356 6 32374 42 32429 31 32501 11 32562 20 32630 41 32685 32 32758 10 32816 21 32886 40 32942 31 32988 6 33005 3 33014 10 33069 24 33142 39 33198 30 33242 10 33259 21 33323 26 33398 39 33455 28 33496 15 33514 22 33577 28 33653 39 33712 26 33751 41 33832 30 33909 39 33969 24 34006 42 34088 30 34165 39 34226 23 34262 42 34343 31 34410 3 34421 39 34482 23 34518 42 34600 31 34665 4 34676 40 34738 23 34774 42 34856 31 34921 4 34932 41 34994 23 35030 42 35113 30 35177 3 35187 42 35241 5 35250 23 35286 42 35369 29 35443 42 35495 8 35506 23 35542 42 35625 29 35699 41 35750 10 35762 23 35798 42 35880 31 35955 41 36005 36 36054 42 36134 34 36211 39 36261 36 36310 42 36388 37 36468 37 36517 36 36566 42 36643 39 36725 36 36773 13 36790 19 36822 42 36898 40 36982 34 37029 14 37058 6 37077 43 37154 40 37239 33 37285 14 37331 45 37410 40 37498 29 37542 14 37585 47 37666 40 37755 27 37799 14 37840 48 37922 40 38013 24 38056 13 38095 49 38177 41 38274 18 38312 14 38350 50 38432 42 38543 3 38569 13 38606 50 38687 43 38825 13 38862 32 38896 16 38942 44 39082 12 39117 33 39154 14 39197 45 39339 10 39373 33 39411 13 39453 46 39596 8 39629 33 39668 11 39709 47 39885 33 39926 8 39965 49 40141 33 40221 49 40397 33 40477 49 40653 33 40733 49 40908 33 40989 49 41164 32 41244 50 41419 32 41500 49 41675 31 41756 49 41931 29 42013 48 42187 29 42269 48 42443 29 42525 47 42699 29 42781 47 42956 28 43037 46 43212 28 43293 45 43468 28 43549 44 43724 28 43806 43 43980 27 44062 42 44236 27 44319 40 44493 25 44575 39 44749 10 44760 3 44766 6 44832 38 45006 7 45088 36 45263 4 45344 31 45601 29 45857 27 46113 26 46369 25 46624 25 46879 26 47135 26 47355 5 47390 26 47609 7 47647 25 47864 8 47903 9 47914 12 48120 8 48161 5 48172 9 48375 9 48409 4 48428 9 48631 9 48663 7 48684 8 48887 9 48918 8 48940 8 49144 8 49174 9 49196 9 49400 8 49430 9 49452 8 49657 7 49686 9 49708 8 49913 7 49942 8 49965 6 50169 7 50199 7 50222 3 50425 7 50455 6 50681 7 50713 1 50937 7 51194 6 51450 6 51708 4 56673 3 56928 6 57183 8 57437 11 57692 14 57945 18 58199 21 58454 24 58709 26 58964 28 59220 28 59475 30 59730 33 59986 34 60241 37 60424 5 60497 37 60679 7 60688 2 60753 38 60934 15 61009 39 61189 17 61265 40 61444 20 61522 39 61699 22 61778 40 61953 25 62035 39 62208 27 62291 39 62464 28 62547 39 62720 28 62803 39 62976 28 63059 38 63232 29 63315 37 63489 28 63571 36 63746 28 63826 36 64004 26 64082 36 64261 25 64338 36 64518 24 64595 35 64774 24 64851 35 65030 24 65108 34 65287 23 65366 31
000063,60195 11 60450 14 60705 17 60961 19 61217 19 61474 20 61730 22 61987 22 62244 22 62501 21 62758 22 63015 23 63272 24 63530 22 63787 22 64045 21 64302 20 64560 19 64818 18 65075 17 65334 1 65342 4
000096,0 65536
000049, 
892843,0 65374 65376 160
494025,0 44290 44291 255 44547 6604 51152 14384
521139,0 65536
972712,0 65536
332934,0 65536
000092,0 65536
000093,0 65536
000024,0 129 208 11 227 12 250 135 464 12 482 14 505 135 720 11 738 15 760 136 994 15 1017 135 1251 14 1273 134 1507 14 1529 134 1764 6 1775 3 1785 134 2031 5 2039 136 2287 144 2506 4 2544 144 2760 8 2801 143 3015 10 3057 143 3271 13 3313 143 3527 15 3569 143 3783 17 3821 1 3825 142 4039 18 4077 153 4248 4 4296 17 4332 155 4502 7 4552 18 4588 156 4758 8 4808 18 4844 156 5013 10 5064 18 5101 155 5269 10 5320 18 5358 153 5525 11 5577 18 5614 153 5781 12 5833 18 5870 152 6038 12 6090 17 6124 154 6294 12 6347 16 6376 158 6550 13 6586 4 6604 15 6632 157 6806 14 6825 3 6840 7 6860 15 6888 157 7061 24 7095 9 7116 14 7144 156 7315 27 7350 10 7372 13 7400 154 7569 29 7604 12 7628 12 7655 153 7824 31 7858 15 7885 11 7911 127 8040 24 8079 33 8113 20 8142 9 8167 126 8297 22 8334 57 8399 7 8422 127 8554 20 8589 58 8678 127 8810 19 8844 60 8934 127 9066 18 9099 61 9190 126 9323 16 9355 61 9447 124 9579 16 9611 61 9703 124 9835 15 9867 61 9959 124 10092 14 10123 61 10215 124 10349 12 10379 61 10470 126 10607 8 10635 61 10726 127 10891 62 10981 128 11146 64 11237 129 11401 66 11494 129 11656 68 11750 131 11912 68 12007 131 12145 3 12168 68 12263 132 12397 8 12423 69 12520 142 12679 68 12777 141 12936 65 13034 140 13192 63 13291 140 13449 62 13549 138 13707 3 13712 55 13806 138 13968 55 14063 137 14224 55 14320 136 14480 37 14519 15 14578 138 14736 36 14777 13 14835 137 14993 35 15034 11 15091 138 15249 34 15290 10 15348 137 15506 33 15546 10 15604 129 15737 4 15763 32 15803 9 15861 126 15993 3 16020 31 16059 10 16117 119 16276 31 16315 10 16374 117 16533 29 16571 10 16629 117 16789 28 16828 9 16885 116 17046 26 17085 8 17141 114 17303 23 17342 6 17398 111 17560 16 17656 7 17664 100 17816 15 17920 79 18013 7 18072 14 18176 77 18270 5 18328 14 18432 76 18585 12 18688 75 18841 12 18944 75 19099 9 19136 4 19200 75 19359 3 19391 7 19456 75 19634 4 19646 9 19712 75 19889 7 19902 9 19968 75 20143 10 20157 11 20224 75 20396 15 20412 12 20480 75 20640 5 20649 31 20736 75 20895 40 20992 75 21104 3 21151 40 21248 75 21359 5 21407 41 21504 76 21615 5 21662 43 21760 76 21871 6 21903 4 21917 46 22016 76 22127 6 22158 7 22171 49 22272 76 22384 6 22414 10 22425 52 22528 77 22640 7 22670 63 22784 77 22896 7 22927 63 23040 77 23153 7 23184 64 23296 77 23409 8 23442 64 23552 78 23665 8 23700 63 23808 78 23921 9 23958 62 24064 79 24177 10 24216 60 24320 79 24433 11 24476 1 24478 54 24576 79 24689 14 24707 4 24746 42 24832 79 24945 23 25002 43 25086 81 25201 24 25258 43 25342 81 25458 22 25514 44 25598 81 25714 22 25770 45 25854 81 25970 22 26027 44 26111 79 26227 20 26283 44 26368 77 26484 19 26540 41 26624 76 26740 19 26796 38 26880 75 26996 19 27052 37 27136 57 27197 14 27252 19 27308 36 27389 57 27455 12 27507 20 27564 35 27645 56 27711 13 27748 5 27762 21 27820 34 27900 57 27967 14 28003 7 28017 22 28075 33 28155 57 28222 17 28257 10 28272 23 28330 32 28411 57 28478 18 28513 10 28528 23 28586 31 28666 58 28733 20 28768 12 28783 24 28841 32 28921 59 28989 21 29023 40 29097 31 29177 59 29244 23 29278 41 29353 31 29432 60 29500 24 29534 41 29609 31 29688 61 29755 26 29789 43 29865 31 29935 2 29943 62 30011 26 30045 43 30121 31 30189 72 30267 26 30301 43 30377 31 30444 73 30523 27 30557 43 30634 30 30700 72 30779 27 30813 42 30891 12 30913 8 30955 73 31035 27 31068 43 31148 10 31169 10 31211 72 31291 27 31325 41 31405 9 31426 9 31467 71 31548 27 31583 39 31662 8 31682 10 31723 70 31804 27 31840 38 31919 7 31938 10 31979 70 32061 27 32097 37 32176 6 32194 9 32235 71 32318 27 32354 36 32434 3 32450 8 32492 70 32574 28 32610 36 32708 3 32748 71 32831 28 32868 34 33004 71 33087 28 33126 32 33260 72 33343 27 33382 32 33517 71 33599 27 33639 30 33774 71 33856 27 33895 30 34031 70 34113 26 34151 31 34288 70 34372 24 34398 3 34407 33 34479 3 34545 69 34629 30 34663 34 34734 5 34801 69 34886 29 34919 34 34990 7 35057 69 35143 29 35175 34 35246 8 35261 5 35272 3 35314 67 35400 28 35431 34 35502 10 35516 7 35526 6 35570 67 35657 28 35686 35 35758 10 35771 8 35782 7 35827 65 35913 63 36015 10 36027 8 36038 7 36084 64 36169 51 36222 9 36272 9 36282 9 36293 8 36341 62 36423 52 36529 7 36538 9 36549 8 36598 62 36677 54 36772 3 36786 5 36794 9 36806 7 36855 62 36932 55 37026 6 37050 8 37061 7 37120 53 37188 56 37281 8 37307 7 37317 6 37376 54 37444 56 37532 13 37564 5 37572 6 37632 55 37700 56 37786 15 37821 3 37827 7 37888 56 37951 61 38040 17 38082 7 38144 59 38205 63 38293 19 38338 7 38400 125 38547 21 38593 8 38656 125 38799 24 38849 8 38912 125 39053 24 39105 10 39168 125 39307 24 39361 13 39424 125 39562 25 39617 15 39680 125 39818 25 39873 16 39936 125 40073 26 40128 19 40192 128 40321 1 40327 28 40382 22 40448 164 40636 25 40704 164 40886 31 40960 164 41140 34 41216 164 41395 35 41472 163 41651 37 41728 163 41906 39 41984 162 42163 39 42240 162 42419 39 42496 162 42676 38 42752 162 42934 16 42953 17 43008 162 43191 15 43209 17 43264 162 43448 13 43464 18 43520 163 43705 10 43720 18 43773 2 43776 165 43961 7 43975 19 44028 169 44218 4 44231 19 44258 3 44283 171 44476 1 44487 19 44513 5 44539 171 44743 19 44768 6 44795 172 45000 17 45024 7 45042 6 45050 173 45256 16 45280 7 45297 182 45514 5 45536 7 45552 183 45792 8 45807 184 46049 7 46063 184 46306 6 46317 187 46563 197 46822 194 47079 194 47334 195 47590 195 47845 197 48100 198 48354 201 48610 201 48865 202 49121 203 49377 203 49633 203 49889 204 50145 204 50402 29 50432 177 50644 3 50658 28 50688 180 50899 5 50915 25 50944 182 51155 7 51172 24 51200 183 51411 9 51429 22 51456 184 51667 10 51686 21 51712 121 51839 58 51923 10 51943 19 51968 119 52096 57 52179 11 52199 19 52224 117 52357 53 52436 11 52456 18 52480 116 52614 52 52692 13 52712 17 52736 116 52870 52 52947 16 52968 16 52992 116 53125 54 53203 17 53225 13 53248 116 53381 54 53457 20 53482 11 53504 116 53636 54 53712 21 53739 10 53760 116 53892 54 53968 21 53996 9 54016 116 54148 54 54224 21 54253 9 54272 116 54404 53 54480 21 54509 10 54528 116 54660 53 54736 21 54764 11 54784 115 54916 53 54992 20 55020 12 55040 114 55171 54 55247 20 55276 12 55296 112 55426 55 55503 19 55532 12 55552 110 55681 56 55758 20 55788 13 55808 110 55937 56 56014 21 56044 13 56064 110 56193 55 56269 23 56301 13 56320 110 56449 55 56517 5 56523 25 56557 14 56576 110 56691 2 56706 53 56771 34 56814 14 56832 110 56946 4 56963 51 57027 34 57071 14 57088 110 57202 4 57220 48 57282 35 57328 12 57344 110 57457 5 57477 45 57538 35 57585 11 57600 110 57713 4 57734 43 57794 35 57842 9 57856 110 57969 4 57992 40 58050 35 58099 6 58112 110 58225 3 58249 38 58306 35 58356 1 58368 109 58505 37 58563 35 58624 108 58761 36 58819 35 58880 107 59018 35 59074 37 59136 106 59274 34 59328 40 59392 105 59531 33 59584 41 59648 104 59788 31 59839 42 59904 103 60044 30 60095 42 60160 102 60302 27 60350 43 60416 102 60560 25 60601 48 60672 103 60818 23 60855 49 60928 103 61074 23 61110 49 61184 104 61330 23 61359 55 61440 105 61586 23 61614 54 61683 4 61696 105 61842 24 61869 55 61938 6 61952 105 62097 25 62124 56 62193 7 62208 105 62352 26 62380 56 62449 7 62464 104 62606 29 62636 56 62704 8 62720 102 62861 87 62961 8 62976 100 63117 87 63217 8 63232 99 63372 88 63473 9 63488 98 63628 89 63730 9 63744 98 63863 4 63884 89 63986 9 64000 98 64118 7 64134 2 64140 90 64242 10 64256 98 64374 8 64389 4 64396 90 64498 10 64512 98 64630 9 64644 6 64654 88 64754 10 64768 99 64886 10 64900 7 64911 87 65010 9 65024 99 65142 11 65155 8 65168 86 65267 8 65280 98 65399 9 65412 6 65426 83 65524 6
607765,0 65536
268600,0 65536
000010,0 65536
907141,0 93 94 65442
000016,194 62 448 64 704 64 959 65 1215 65 1470 66 1726 66 1982 66 2238 66 2493 67 2749 67 3004 68 3260 68 3470 6 3517 67 3725 9 3773 67 3980 15 4030 66 4235 21 4287 65 4491 23 4543 65 4746 28 4800 64 5002 29 5058 62 5237 4 5258 30 5316 60 5492 7 5514 30 5573 59 5747 10 5769 32 5830 58 6003 11 6024 32 6087 57 6258 14 6275 36 6343 8 6353 47 6515 52 6599 57 6771 50 6856 56 7027 49 7112 56 7284 47 7368 56 7540 45 7624 56 7797 43 7881 55 8054 41 8138 54 8312 38 8396 52 8569 36 8652 52 8826 35 8908 52 9084 32 9164 52 9341 31 9420 52 9598 30 9676 52 9855 30 9932 52 10111 30 10188 52 10367 30 10444 52 10623 30 10700 52 10880 29 10956 52 11136 29 11211 53 11392 28 11467 53 11648 28 11722 54 11905 27 11978 54 12161 27 12235 53 12417 27 12492 52 12673 28 12748 52 12929 29 13004 52 13185 29 13260 52 13441 30 13516 52 13697 30 13772 52 13954 29 14028 52 14212 26 14284 52 14469 24 14540 52 14726 21 14797 51 14984 15 15055 49 15246 8 15312 48 15503 5 15568 48 15824 48 16080 48 16336 48 16591 49 16846 50 17101 51 17356 52 17612 52 17867 53 18123 53 18379 53 18636 52 18893 51 19150 50 19406 50 19662 50 19918 50 20174 50 20429 51 20684 52 20940 52 21196 52 21453 51 21710 50 21966 50 22221 51 22477 51 22732 52 22988 52 23244 52 23499 53 23756 52 24013 51 24270 50 24512 2 24525 51 24768 3 24780 52 25024 3 25035 53 25291 53 25547 53 25804 52 26061 51 26318 50 26575 49 26831 49 27085 51 27341 51 27596 52 27793 1 27851 53 28046 7 28106 54 28301 10 28362 54 28556 12 28617 55 28811 14 28874 54 29067 14 29129 1 29131 53 29322 16 29387 53 29578 16 29643 53 29835 15 29899 53 30091 14 30155 53 30348 13 30410 54 30605 11 30665 55 30861 10 30921 55 31118 8 31177 55 31374 7 31433 55 31632 4 31689 55 31946 54 32202 54 32461 51 32717 51 32975 40 33018 6 33231 39 33274 6 33487 39 33530 6 33743 40 33786 6 34002 37 34041 7 34257 1 34259 45 34515 1 34520 40 34767 5 34777 39 35024 4 35040 32 35280 4 35297 31 35537 4 35553 31 35793 5 35809 31 36050 5 36066 30 36307 3 36311 1 36321 31 36577 31 36833 31 37090 30 37345 31 37582 2 37602 30 37837 3 37859 1 37862 26 38093 3 38122 22 38349 2 38377 23 38634 22 38890 22 39147 21 39403 21 39661 4 39667 13 39911 1 39917 1 39919 1 39928 8 40186 6 40442 6 40699 5 40955 5 41195 3 41211 5 41451 4 41467 4 41706 5 41725 1 41962 6 42218 6 42474 6 42731 4 42987 3 45783 1 46039 2 51435 3 51691 3 51948 2 60206 2 60461 3 60670 1 60718 1 60924 4 61179 5 61434 6 61688 8 61941 11 62196 12 62451 13 62707 13 62962 14 63218 14 63473 15 63729 15 63984 16 64240 16 64496 16 64752 16 65007 17 65263 17 65520 16
000026,61599 6 61854 8 62109 10 62364 12 62620 13 62875 15 63131 16 63387 17 63622 6 63644 16 63877 10 63900 17 64132 12 64156 18 64387 14 64411 20 64643 15 64667 20 64899 15 64922 22 65154 17 65177 23 65411 15 65434 22
000094,0 65536
650818,41 215 298 214 554 214 810 214 1066 214 1322 214 1579 213 1835 213 2091 213 2347 213 2603 213 2860 212 3116 212 3372 212 3628 212 3885 211 4141 211 4397 211 4653 211 4909 211 5165 211 5422 210 5678 210 5934 210 6190 210 6447 209 6703 209 6959 209 7215 209 7471 209 7727 209 7984 208 8240 208 8496 208 8753 207 9009 207 9265 207 9521 207 9777 207 10033 207 10290 206 10546 206 10802 206 11058 206 11315 205 11571 205 11827 205 12083 205 12339 205 12595 205 12852 204 13108 204 13364 204 13620 204 13877 203 14133 203 14389 203 14645 203 14901 203 15157 203 15414 202 15670 202 15926 202 16182 202 16439 201 16695 201 16951 201 17207 201 17463 201 17719 201 17976 200 18232 200 18488 200 18744 200 19001 199 19257 199 19513 199 19769 199 20025 199 20282 198 20538 198 20794 198 21050 198 21307 197 21563 197 21819 197 22075 197 22331 197 22587 197 22844 196 23100 196 23356 196 23612 196 23869 195 24125 195 24381 195 24637 195 24893 195 25150 194 25406 194 25662 194 25918 194 26175 193 26431 193 26687 193 26943 193 27199 193 27455 193 27712 192 27968 192 28224 192 28480 192 28737 191 28993 191 29249 191 29505 191 29761 191 30017 191 30274 190 30530 190 30786 190 31042 190 31299 189 31555 189 31811 189 32067 189 32323 189 32579 189 32836 188 33092 188 33348 188 33604 188 33861 187 34117 187 34373 187 34629 187 34885 187 35141 187 35398 186 35654 186 35910 186 36166 186 36423 185 36679 185 36935 185 37191 185 37447 185 37704 184 37960 184 38216 184 38472 184 38729 183 38985 183 39241 183 39497 183 39753 183 40009 183 40266 182 40522 182 40778 182 41034 182 41291 181 41547 181 41803 181 42059 181 42315 181 42572 180 42828 180 43084 180 43340 180 43597 179 43853 179 44109 179 44365 179 44621 179 44877 179 45134 178 45390 178 45646 178 45902 178 46159 177 46415 177 46671 177 46927 177 47183 177 47439 177 47696 176 47952 176 48208 176 48464 176 48721 175 48977 175 49233 175 49489 175 49745 175 50002 174 50258 174 50514 174 50770 174 51026 174 51283 173 51539 173 51795 173 52051 173 52307 173 52564 172 52820 172 53076 172 53332 172 53588 172 53845 171 54101 171 54357 171 54613 171 54869 171 55126 170 55382 170 55638 170 55894 170 56151 169 56407 169 56663 169 56919 169 57175 169 57431 169 57688 168 57944 168 58200 168 58456 168 58713 167 58969 167 59225 167 59481 167 59737 167 59994 166 60250 166 60506 166 60762 166 61019 165 61275 165 61531 165 61787 165 62043 165 62299 165 62556 164 62812 164 63068 164 63324 164 63581 163 63837 163 64093 163 64349 163 64605 163 64861 163 65117 163 65374 162
966384,0 15434 15436 255 15692 49844
304629,0 24058 24059 255 24315 255 24571 40965
844747,0 30464 30465 255 30721 255 30977 255 31234 254 31490 254 31746 254 32002 254 32259 253 32515 253 32771 253 33028 252 33284 252 33540 252 33796 252 34053 251 34309 251 34565 251 34821 251 35078 250 35334 250 35591 249 35847 249 36103 249 36359 249 36616 248 36872 248 37128 248 37384 248 37641 247 37897 247 38153 247 38409 247 38666 246 38922 246 39178 246 39435 245 39691 245 39947 245 40203 245 40460 244 40716 244 40972 244 41229 243 41485 243 41741 243 41997 243 42254 242 42510 242 42766 242 43023 241 43279 241 43535 241 43791 241 44048 240 44304 240 44560 240 44817 239 45073 239 45329 239 45585 239 45841 239 46098 238 46354 238 46611 237 46867 237 47123 237 47379 237 47636 236 47892 236 48148 236 48405 235 48661 235 48917 235 49173 235 49429 235 49686 234 49942 234 50199 233 50455 233 50711 233 50967 233 51223 233 51480 232 51736 232 51993 231 52249 231 52505 231 52761 231 53018 230 53274 230 53530 230 53786 230 54043 229 54299 229 54555 229 54811 229 55068 228 55324 228 55580 228 55837 227 56093 227 56349 227 56606 226 56862 226 57118 226 57374 226 57631 225 57887 225 58143 225 58399 225 58656 224 58912 224 59168 224 59425 223 59681 223 59937 223 60193 223 60450 222 60706 222 60962 222 61219 221 61475 221 61731 221 61987 221 62244 220 62500 220 62756 220 63013 219 63269 219 63525 219 63781 219 64038 218 64294 218 64550 218 64806 218 65063 217 65319 217
280079,0 65536
000064,0 65536
000062, 
000077,97 26 127 25 352 57 449 2 608 58 703 5 863 59 960 4 1119 59 1215 4 1375 59 1471 4 1630 60 1728 2 1886 60 2142 60 2397 60 2653 60 2909 60 3164 62 3418 64 3673 67 3928 74 4184 75 4440 77 4697 83 4953 84 5208 86 5464 10 5476 74 5720 8 5733 73 5976 6 5989 73 6233 4 6246 72 6502 71 6754 75 7009 4 7014 70 7265 4 7271 67 7522 2 7527 66 7784 65 8040 65 8153 2 8175 4 8184 3 8296 65 8408 5 8430 6 8439 5 8552 65 8663 7 8685 16 8807 66 8917 9 8941 16 9063 66 9171 12 9197 17 9319 66 9426 12 9453 18 9575 66 9681 12 9709 18 9832 65 9937 8 9965 18 10087 67 10192 9 10221 18 10343 67 10448 9 10470 3 10477 19 10595 71 10704 8 10725 5 10732 20 10847 75 10960 9 10980 28 11102 75 11216 10 11236 28 11357 72 11472 11 11492 28 11613 71 11728 12 11749 2 11752 24 11868 71 11984 16 12009 23 12123 72 12239 18 12266 22 12379 72 12494 19 12522 22 12634 73 12749 20 12770 3 12778 22 12889 74 13005 19 13025 5 13034 22 13144 74 13261 19 13281 6 13290 22 13399 75 13518 25 13545 23 13654 76 13776 48 13897 4 13909 75 14035 45 14152 6 14165 74 14292 44 14408 86 14548 44 14664 86 14803 45 14921 84 15058 46 15178 83 15314 46 15436 81 15570 46 15692 81 15826 46 15949 80 16083 45 16205 79 16316 3 16340 44 16461 79 16571 4 16598 42 16718 77 16828 3 16843 4 16854 42 16974 76 17084 2 17098 6 17111 41 17230 76 17353 9 17366 42 17486 76 17609 10 17622 42 17741 79 17865 11 17878 42 17997 79 18120 56 18253 80 18376 56 18509 81 18597 3 18631 57 18766 81 18853 4 18887 57 19022 81 19109 4 19143 57 19278 81 19365 4 19399 57 19535 26 19564 51 19622 3 19654 58 19791 26 19821 50 19910 58 20047 26 20078 29 20110 16 20162 62 20304 24 20334 27 20368 14 20417 63 20561 22 20591 25 20624 14 20673 63 20817 22 20848 22 20879 15 20904 5 20929 63 21074 21 21105 11 21121 4 21135 16 21159 7 21185 63 21331 19 21362 8 21392 15 21414 8 21442 62 21587 19 21619 5 21650 12 21670 8 21698 62 21845 17 21908 10 21927 7 21954 62 22103 15 22165 8 22183 6 22211 61 22361 2 22369 4 22422 7 22439 5 22467 61 22530 2 22683 2 22694 6 22723 61 22785 6 22949 9 22979 75 23204 13 23234 77 23459 18 23484 84 23576 4 23715 109 23831 6 23971 109 24087 6 24159 3 24227 110 24343 6 24414 5 24482 112 24599 5 24671 4 24738 112 24855 5 24927 3 24994 113 25111 6 25250 114 25366 8 25505 126 25761 126 26016 128 26272 128 26528 128 26785 127 27041 127 27297 127 27554 126 27809 88 27899 37 28064 88 28160 32 28319 90 28416 32 28574 90 28672 32 28830 90 28928 30 29086 90 29184 29 29342 89 29440 27 29598 86 29696 26 29854 86 29952 24 30110 85 30208 17 30365 86 30464 14 30556 3 30621 85 30720 13 30811 5 30876 85 30976 11 31066 6 31132 84 31232 8 31323 5 31388 84 31488 7 31579 6 31644 83 31744 7 31836 4 31900 76 31978 5 32000 6 32157 74 32235 2 32256 5 32413 73 32512 3 32669 72 32769 1 32925 72 33181 71 33432 76 33657 5 33686 77 33911 9 33940 79 34027 1 34166 12 34195 79 34282 3 34421 14 34450 80 34538 3 34666 3 34677 15 34705 80 34795 3 34811 5 34922 4 34932 17 34960 80 35051 4 35065 7 35178 3 35186 20 35215 81 35306 6 35320 8 35435 1 35442 21 35471 64 35538 17 35561 9 35574 10 35697 23 35727 63 35799 13 35815 25 35953 23 35983 63 36055 41 36210 23 36238 64 36311 41 36466 23 36494 64 36566 42 36723 23 36749 65 36822 42 36967 3 36979 141 37221 7 37236 140 37476 9 37499 133 37732 10 37758 130 37988 11 38017 127 38243 12 38275 125 38499 13 38532 124 38755 13 38789 123 39010 14 39044 124 39267 13 39300 124 39523 12 39556 124 39780 10 39810 126 40036 7 40066 125 40294 1 40322 123 40578 122 40834 121 41090 120 41342 123 41597 124 41853 124 42110 122 42366 122 42621 122 42877 120 43133 120 43388 121 43644 121 43900 121 44156 121 44412 121 44668 121 44923 122 45179 122 45435 121 45691 97 45791 20 45948 94 46051 4 46060 5 46204 90 46461 87 46717 84 46973 84 47229 54 47285 29 47485 52 47542 28 47740 51 47799 27 47996 50 48056 26 48252 3 48256 45 48314 6 48322 15 48513 39 48553 5 48572 2 48580 12 48769 38 48809 10 48837 4 49025 51 49082 4 49281 52 49337 6 49537 52 49592 7 49793 52 49847 9 50049 63 50293 2 50306 62 50550 1 50562 63 50819 62 51075 63 51332 64 51397 4 51588 70 51844 71 51955 12 52082 1 52085 3 52100 72 52209 15 52327 19 52357 77 52463 17 52580 23 52613 78 52715 21 52835 25 52869 78 52966 26 53090 114 53221 27 53346 113 53478 26 53595 3 53601 114 53735 25 53849 122 53992 24 54104 123 54249 23 54358 125 54505 23 54613 126 54761 23 54868 128 55017 23 55122 131 55274 22 55377 135 55530 22 55632 137 55786 22 55886 139 56043 21 56140 142 56300 20 56394 143 56558 18 56648 145 56817 15 56902 147 57075 13 57157 119 57279 26 57333 11 57412 117 57534 27 57590 10 57667 116 57788 29 57846 10 57923 114 58043 30 58103 9 58178 115 58299 30 58360 8 58433 116 58556 29 58616 8 58688 118 58813 27 58873 6 58943 119 59070 25 59131 3 59199 120 59326 19 59455 121 59582 18 59711 144 59967 143 60224 140 60482 123 60607 7 60744 117 60863 6 61002 115 61119 6 61259 113 61376 4 61521 107 61779 104 61949 2 62036 102 62205 3 62293 100 62461 3 62554 93 62717 3 62811 91 63069 87 63325 83 63582 81 63840 79 64097 78 64354 77 64611 76 64868 74 65124 74 65381 3 65388 16 65406 18 65429 24
246195,0 48263 48264 17272
563999,0 211 212 553 766 23922 24689 255 24945 17196 42143 1024 43168 13149 56318 255 56574 1023 57598 7581 65180 356
000008,35 40 106 8 153 7 196 48 289 43 361 10 409 7 451 49 545 43 617 10 666 6 707 49 801 44 873 10 923 4 963 49 1058 44 1128 11 1218 50 1314 44 1384 11 1474 50 1570 45 1640 11 1731 50 1827 45 1895 12 1987 51 2083 47 2151 12 2242 52 2340 48 2408 11 2498 53 2597 48 2664 10 2753 54 2853 48 2921 8 3009 54 3110 48 3177 6 3264 56 3365 51 3434 5 3520 56 3620 53 3691 3 3776 56 3867 63 4033 55 4118 68 4289 56 4373 70 4479 5 4545 57 4628 72 4734 8 4779 1 4800 59 4883 75 4989 9 5032 7 5055 60 5139 77 5243 12 5286 12 5311 61 5395 80 5498 14 5535 23 5566 62 5650 84 5753 16 5789 27 5821 63 5907 85 6008 18 6044 30 6075 64 6163 86 6263 19 6299 96 6419 86 6518 20 6554 96 6675 86 6774 19 6810 95 6931 86 7030 19 7066 94 7188 85 7286 19 7322 94 7444 85 7542 19 7576 96 7699 85 7798 19 7831 96 7955 85 8055 17 8086 97 8199 7 8208 87 8312 10 8342 97 8449 2 8453 99 8571 7 8598 97 8704 104 8822 3 8828 5 8853 98 8960 104 9077 4 9085 3 9108 98 9216 104 9333 4 9364 98 9472 104 9590 2 9619 98 9728 104 9875 98 9984 104 10131 97 10240 103 10387 95 10496 103 10643 94 10752 102 10900 92 11008 102 11156 92 11264 101 11413 91 11520 100 11670 90 11776 99 11926 90 12032 99 12183 89 12288 98 12439 89 12544 98 12696 89 12800 98 12953 89 13056 98 13210 89 13312 99 13466 90 13568 99 13724 88 13824 99 13980 89 14080 99 14237 88 14336 99 14493 87 14592 99 14748 87 14848 100 15004 85 15104 100 15260 83 15360 100 15479 4 15516 83 15616 101 15729 12 15772 83 15872 101 15983 20 16028 82 16128 101 16239 21 16284 82 16384 101 16494 24 16540 82 16640 101 16750 25 16797 81 16896 102 17005 27 17054 80 17152 102 17261 28 17311 79 17408 103 17517 29 17568 78 17664 103 17773 29 17825 76 17920 104 18029 30 18083 74 18176 105 18285 30 18340 72 18432 139 18592 76 18688 140 18833 3 18846 77 18944 141 19087 6 19101 77 19200 150 19356 77 19449 1 19456 151 19612 76 19703 6 19712 151 19868 75 19958 9 19968 151 20123 76 20214 9 20224 151 20377 77 20470 9 20480 230 20725 10 20736 230 20981 10 20992 230 21236 9 21248 238 21492 9 21504 240 21748 10 21760 241 22004 10 22016 254 22272 254 22528 254 22784 254 23040 254 23296 253 23552 252 23808 248 24064 246 24320 245 24576 245 24832 244 25088 244 25344 243 25600 243 25856 242 26112 241 26368 240 26624 239 26880 238 27136 238 27392 237 27648 237 27904 236 28160 236 28416 236 28672 236 28928 236 29184 126 29314 105 29440 125 29571 104 29696 124 29827 104 29952 123 30083 103 30208 122 30338 104 30464 120 30594 103 30720 119 30849 103 30976 117 31105 103 31232 116 31359 104 31488 116 31614 105 31744 117 31868 108 31988 3 32000 117 32123 110 32242 6 32256 118 32379 111 32497 8 32512 118 32634 112 32752 10 32768 118 32889 112 33008 10 33024 231 33264 10 33281 229 33520 10 33537 228 33777 9 33793 92 33895 125 34034 9 34048 91 34156 118 34290 9 34304 90 34412 117 34546 9 34560 79 34667 117 34802 9 34816 71 34922 117 35059 9 35072 69 35177 117 35315 9 35328 68 35432 117 35571 10 35584 67 35688 116 35827 10 35840 67 35943 116 36084 10 36096 66 36198 117 36340 76 36454 118 36597 74 36709 119 36854 72 36965 119 37112 69 37221 119 37370 66 37477 120 37626 66 37733 120 37883 64 37989 119 38140 63 38246 118 38397 2 38400 58 38502 117 38653 2 38656 57 38758 102 38866 8 38909 2 38912 56 39015 100 39157 65 39270 100 39411 66 39526 100 39666 66 39773 2 39782 100 39922 65 40027 6 40038 100 40177 64 40272 6 40280 10 40293 102 40432 61 40526 21 40549 102 40684 20 40705 40 40781 126 40938 22 40961 38 41036 127 41193 23 41218 36 41292 127 41449 23 41474 35 41548 127 41704 24 41730 34 41804 127 41961 23 41987 32 42060 127 42217 23 42244 29 42317 127 42473 23 42502 25 42573 127 42729 23 42761 20 42830 127 42985 23 43019 16 43087 127 43241 23 43276 13 43344 126 43496 24 43532 10 43602 124 43753 23 43789 6 43859 122 44010 21 44047 2 44118 8 44128 109 44268 18 44378 2 44386 106 44525 16 44642 106 44783 13 44899 104 45039 12 45155 104 45295 11 45411 104 45552 9 45668 104 45809 5 45925 104 46182 104 46438 104 46694 105 46950 104 47206 104 47433 4 47462 103 47675 7 47687 7 47718 102 47928 10 47943 8 47974 101 48181 14 48198 10 48229 102 48436 15 48453 11 48484 104 48691 16 48708 13 48738 106 48886 4 48946 16 48964 13 48993 108 49141 7 49202 15 49220 13 49248 109 49390 3 49395 12 49457 17 49475 13 49504 109 49644 20 49713 31 49759 110 49900 20 49968 31 50016 109 50155 21 50221 32 50272 108 50409 23 50467 1 50474 34 50528 108 50663 25 50721 43 50784 107 50918 26 50976 44 51039 107 51173 27 51231 45 51294 107 51429 27 51486 46 51548 108 51685 27 51737 51 51799 112 51942 26 51990 54 52052 116 52198 26 52240 2 52243 56 52308 117 52454 26 52493 62 52563 120 52710 26 52747 64 52819 123 52954 38 53003 64 53075 125 53208 40 53258 65 53330 127 53463 41 53514 65 53586 129 53718 42 53770 65 53842 174 54027 64 54097 175 54282 65 54351 177 54538 246 54794 246 55050 246 55305 247 55561 247 55817 247 56073 207 56282 38 56329 207 56537 39 56584 208 56793 39 56840 248 57096 248 57353 247 57609 247 57865 247 58122 246 58379 245 58636 244 58893 243 59150 242 59407 241 59664 240 59921 6 59931 229 60187 229 60442 230 60697 231 60952 232 61208 232 61464 232 61721 231 61978 230 62236 228 62494 226 62751 225 63008 224 63265 223 63522 222 63778 222 64035 221 64291 221 64547 221 64803 221 65059 221 65316 220
000022,40528 1 40782 6 41038 6 41045 2 41187 1 41295 2 41442 3 41698 3 46567 3 46821 14 47076 28 47331 29 47587 29 47843 29 48099 29 48356 28 48613 27 48870 26 49127 25 49383 25 49639 25 49896 16 49914 6 50152 14 50171 5 50409 13 50427 5 50665 12 50683 5 50922 11 50939 5 51179 9 51195 5 51436 7 51451 5 51693 4 51707 5 51963 5 52220 8 52256 5 52446 4 52457 7 52465 1 52476 8 52510 8 52701 24 52732 8 52764 10 52956 26 52987 8 53020 10 53147 1 53213 26 53243 8 53275 11 53399 6 53469 38 53531 11 53652 9 53717 4 53725 37 53787 11 53906 12 53970 9 53981 35 54044 10 54160 14 54224 48 54300 10 54414 16 54479 49 54556 10 54670 16 54732 52 54813 9 54926 16 54985 55 55069 8 55181 18 55237 59 55310 3 55326 7 55393 3 55436 20 55491 61 55565 9 55575 2 55583 5 55646 7 55688 25 55714 1 55746 62 55821 15 55900 10 55943 28 56001 63 56077 16 56107 5 56155 12 56198 29 56254 66 56333 17 56360 11 56411 13 56454 29 56508 68 56588 19 56613 15 56667 13 56709 33 56743 1 56763 69 56844 20 56867 17 56923 14 56963 40 57018 70 57099 42 57179 14 57217 43 57274 70 57354 43 57435 15 57470 47 57529 71 57609 45 57692 14 57711 1 57725 48 57785 71 57864 46 57950 21 57980 50 58041 71 58119 47 58173 2 58206 22 58234 52 58296 72 58374 49 58429 2 58461 80 58552 72 58629 50 58715 83 58806 74 58884 51 58943 5 58969 85 59060 76 59140 51 59199 7 59224 88 59315 77 59396 51 59454 9 59479 169 59652 51 59710 10 59734 170 59908 52 59966 11 59990 170 60164 52 60222 11 60246 170 60419 54 60479 10 60501 171 60673 56 60737 7 60755 230 60996 2 61008 232 61262 233 61518 232 61774 232 62029 232 62285 231 62540 231 62795 230 63049 230 63303 230 63558 228 63813 227 64068 227 64323 228 64579 227 64835 227 65090 219 65346 190
000032,0 65536
652005,0 65536
000074,0 65536
000015,0 54 119 193 329 7 353 3 372 197 585 7 609 4 627 197 842 6 884 196 1099 3 1141 194 1355 3 1397 194 1611 5 1653 194 1867 5 1889 3 1908 196 2121 7 2143 5 2163 197 2365 1 2369 1 2371 1 2373 1 2375 10 2398 8 2419 199 2619 23 2653 9 2673 225 2908 12 2929 225 3163 14 3185 225 3419 14 3441 202 3645 20 3676 12 3698 200 3899 1 3901 1 3903 1 3905 1 3907 13 3933 11 3955 1 3957 1 3959 9 3969 185 4166 7 4193 5 4227 79 4308 102 4423 5 4449 3 4485 9 4495 65 4565 1 4567 99 4681 2 4743 4 4752 62 4825 1 4827 1 4829 93 5001 1 5007 45 5055 1 5057 13 5085 1 5087 33 5121 58 5257 1 5262 44 5315 12 5343 1 5345 31 5383 52 5447 1 5513 49 5571 13 5599 1 5601 1 5603 29 5639 53 5769 50 5828 12 5855 33 5896 52 6007 1 6009 1 6024 52 6083 13 6109 35 6153 53 6261 7 6280 52 6340 12 6365 27 6394 6 6409 55 6465 1 6517 9 6535 53 6597 11 6619 1 6621 27 6650 6 6667 53 6773 10 6792 52 6853 9 6877 26 6906 6 6923 53 7029 9 7048 52 7133 7 7141 1 7143 1 7145 13 7162 6 7180 53 7285 9 7304 51 7390 6 7403 11 7418 6 7435 55 7491 1 7493 1 7541 7 7560 50 7647 3 7660 10 7674 6 7691 55 7747 3 7799 3 7816 49 7917 9 7930 6 7947 55 8003 3 8057 1 8072 49 8175 7 8185 7 8202 54 8266 4 8327 49 8431 8 8441 7 8458 54 8521 7 8581 51 8687 17 8714 52 8775 11 8837 51 8943 17 8970 51 9031 15 9081 1 9083 1 9085 3 9089 55 9199 17 9226 50 9286 17 9337 62 9455 17 9482 48 9542 17 9593 61 9711 17 9738 46 9798 17 9849 61 9971 13 9994 45 10054 18 10107 59 10229 11 10250 44 10310 19 10363 58 10485 11 10506 43 10566 20 10621 56 10741 11 10762 42 10822 24 10877 56 10997 11 11019 39 11078 26 11110 4 11133 55 11253 11 11275 39 11334 27 11365 7 11389 55 11509 11 11531 38 11590 27 11621 8 11644 56 11765 11 11787 38 11846 28 11876 9 11900 56 12023 9 12043 37 12102 39 12155 57 12280 8 12301 36 12358 39 12410 57 12537 7 12558 35 12614 38 12665 58 12793 7 12818 31 12871 36 12921 58 13049 7 13076 29 13127 35 13177 59 13305 7 13335 26 13382 34 13433 58 13560 8 13593 3 13597 20 13638 34 13689 59 13811 1 13813 1 13815 9 13856 17 13893 36 13945 59 14065 1 14069 2 14072 8 14113 16 14149 37 14201 59 14321 1 14323 1 14325 1 14327 9 14371 13 14404 38 14457 59 14577 5 14584 8 14628 10 14660 39 14713 59 14833 5 14839 9 14849 3 14886 6 14916 39 14968 60 15061 1 15088 21 15143 3 15172 39 15224 60 15315 5 15344 22 15428 39 15481 59 15571 5 15600 22 15685 38 15737 59 15827 5 15856 22 15943 35 15993 58 16085 1 16087 1 16112 8 16121 14 16202 32 16248 58 16368 8 16378 14 16460 29 16504 58 16624 8 16634 16 16717 27 16759 59 16819 1 16880 8 16889 17 16975 25 17015 61 17136 27 17211 3 17233 21 17271 61 17392 28 17466 5 17491 18 17526 62 17648 29 17719 1 17721 6 17749 15 17782 62 17903 31 17971 13 18010 8 18038 63 18159 31 18226 16 18271 1 18294 63 18415 32 18482 17 18550 64 18671 31 18737 19 18805 65 18926 32 18993 19 19051 1 19061 64 19182 32 19249 19 19307 1 19316 66 19438 31 19505 23 19563 3 19571 67 19694 30 19761 23 19817 9 19827 67 19951 27 20016 24 20074 78 20153 7 20207 17 20225 2 20272 24 20329 88 20463 17 20528 24 20585 88 20720 16 20784 24 20841 88 20976 16 21040 24 21097 87 21232 16 21296 24 21353 87 21488 16 21551 25 21609 87 21744 16 21807 25 21864 87 22000 16 22063 25 22120 87 22256 16 22318 26 22376 86 22511 17 22574 24 22632 76 22711 7 22767 17 22830 24 22888 75 22969 3 23023 17 23087 21 23144 74 23279 17 23343 18 23400 74 23536 16 23600 15 23656 11 23669 61 23792 16 23857 13 23912 10 23925 61 24047 17 24114 10 24169 8 24182 60 24302 18 24372 7 24425 7 24439 60 24557 19 24681 7 24696 60 24811 21 24937 7 24953 59 25066 22 25193 7 25211 39 25251 18 25321 23 25448 8 25469 36 25507 1 25509 16 25576 24 25705 8 25715 1 25725 35 25765 16 25831 25 25961 7 25969 1 25971 1 25981 33 26021 15 26086 26 26217 7 26238 31 26279 13 26339 29 26473 7 26495 29 26536 12 26594 30 26730 6 26753 25 26793 10 26849 31 26987 5 27011 21 27049 9 27104 32 27244 2 27269 18 27306 7 27360 32 27501 1 27526 16 27563 5 27616 32 27757 1 27783 15 27872 32 28011 5 28040 14 28128 32 28267 7 28297 13 28384 32 28523 7 28553 13 28640 32 28778 10 28809 12 28896 32 29033 11 29065 11 29153 31 29290 10 29301 1 29322 9 29410 30 29546 12 29578 8 29666 30 29803 11 29834 8 29923 29 30059 11 30089 9 30179 29 30317 5 30345 9 30435 29 30515 1 30517 1 30573 1 30575 1 30577 1 30601 10 30692 28 30762 2 30765 1 30767 8 30856 11 30948 28 31017 15 31095 1 31097 1 31112 12 31205 27 31273 16 31368 12 31462 26 31529 18 31624 13 31719 25 31785 21 31880 14 31977 23 32040 24 32136 14 32235 21 32295 27 32392 15 32493 19 32551 28 32649 14 32749 19 32807 29 32905 15 33006 18 33062 30 33161 15 33263 17 33318 31 33417 16 33519 17 33573 32 33672 18 33775 17 33828 34 33927 19 34032 16 34083 35 34183 20 34288 16 34338 36 34438 21 34544 16 34593 37 34693 22 34800 16 34849 37 34949 23 34981 5 35056 16 35105 37 35205 23 35237 6 35312 16 35361 37 35460 24 35491 8 35568 16 35616 38 35716 25 35745 9 35824 16 35871 39 35973 25 35999 11 36080 16 36127 38 36229 37 36335 17 36382 38 36453 1 36485 37 36590 18 36637 38 36709 3 36741 36 36845 19 36893 37 36965 5 36997 36 37101 19 37149 36 37220 6 37252 38 37357 19 37405 35 37476 6 37507 39 37612 20 37661 35 37732 6 37751 3 37763 39 37867 21 37917 33 37987 7 38006 6 38015 45 38122 22 38174 32 38243 9 38261 7 38269 1 38271 45 38377 23 38430 30 38499 9 38517 7 38525 1 38527 45 38631 25 38687 29 38755 10 38773 7 38781 1 38783 47 38883 29 38944 27 39011 11 39028 30 39061 25 39135 33 39201 26 39267 11 39283 30 39319 23 39389 35 39458 25 39523 11 39539 29 39575 22 39643 37 39716 23 39779 11 39794 30 39831 21 39897 39 39974 20 40035 11 40050 31 40087 22 40152 40 40236 14 40291 12 40305 33 40341 1 40343 22 40408 40 40496 8 40547 11 40561 33 40597 24 40663 41 40803 9 40813 1 40817 61 40919 41 41059 7 41073 61 41175 41 41315 7 41328 62 41431 41 41572 5 41584 52 41639 7 41687 41 41829 3 41839 53 41895 7 41943 41 42087 2 42095 53 42151 8 42198 42 42343 5 42351 53 42407 7 42453 43 42599 61 42665 5 42709 43 42855 61 42921 5 42965 43 43112 58 43222 42 43368 6 43375 5 43383 43 43479 41 43625 3 43640 41 43735 41 43897 41 43991 41 44156 38 44249 39 44413 37 44508 36 44681 24 44767 33 44938 23 45024 32 45195 22 45281 31 45453 20 45538 30 45711 17 45795 29 45968 16 46051 29 46225 14 46307 29 46481 13 46563 29 46738 11 46820 28 46997 7 47076 28 47332 28 47589 27 47847 25 48103 25 48360 24 48617 23 48875 21 49133 19 49390 18 49647 17 49903 17 50159 17 50415 17 50671 17 50928 16 51001 3 51185 15 51256 5 51441 5 51447 9 51511 7 51697 1 51699 1 51704 8 51766 8 51960 8 52020 10 52216 8 52274 12 52472 8 52529 13 52643 1 52645 1 52727 9 52784 15 52899 3 52983 9 53033 22 53129 1 53155 4 53239 9 53288 23 53384 3 53410 6 53423 1 53495 9 53543 24 53637 7 53665 19 53751 9 53799 25 53893 8 53921 21 54007 9 54055 25 54148 10 54176 23 54262 10 54310 26 54403 11 54431 25 54517 11 54565 27 54609 1 54659 12 54677 1 54679 1 54687 27 54715 1 54771 13 54820 28 54864 2 54914 13 54932 4 54942 31 55025 15 55076 28 55121 1 55123 1 55169 14 55187 6 55197 33 55279 17 55331 29 55377 3 55425 15 55443 7 55452 35 55533 19 55587 29 55633 1 55635 1 55637 1 55681 15 55698 46 55763 3 55788 20 55843 29 55937 63 56019 3 56043 21 56099 29 56147 1 56149 1 56193 63 56275 5 56297 23 56355 29 56402 4 56449 63 56531 5 56550 26 56611 29 56657 5 56705 62 56787 5 56797 1 56803 29 56868 27 56912 6 56961 61 57043 5 57052 36 57125 26 57167 8 57217 59 57298 6 57307 37 57381 26 57423 9 57474 58 57553 6 57563 37 57638 25 57679 9 57730 58 57809 5 57818 38 57894 26 57935 9 57987 57 58074 38 58150 26 58192 8 58244 56 58330 38 58405 28 58448 8 58501 55 58587 37 58661 28 58705 7 58757 53 58811 1 58843 37 58917 29 58963 5 59014 20 59041 11 59059 5 59099 37 59173 29 59221 1 59271 5 59277 1 59279 9 59301 1 59303 1 59305 1 59355 37 59429 29 59612 36 59685 29 59868 36 59940 29 60124 36 60195 29 60275 7 60379 37 60451 29 60529 19 60634 38 60707 29 60783 23 60889 1 60891 37 60963 29 61038 27 61144 40 61219 29 61269 1 61271 1 61293 29 61395 1 61397 1 61399 1 61401 39 61475 29 61525 4 61549 30 61647 49 61732 28 61779 7 61804 32 61883 1 61885 1 61895 3 61899 1 61901 51 61953 1 61988 27 62036 7 62060 32 62139 5 62147 1 62149 59 62209 1 62244 26 62292 8 62305 1 62307 1 62309 1 62315 33 62393 71 62465 1 62500 25 62548 8 62561 5 62567 1 62569 35 62648 72 62757 23 62803 9 62817 5 62823 1 62825 35 62903 73 63014 11 63059 9 63072 44 63159 73 63271 8 63315 9 63327 7 63335 1 63337 35 63415 73 63570 12 63583 47 63670 74 63745 1 63825 62 63903 1 63924 79 64078 66 64157 5 64178 81 64331 73 64412 7 64431 85 64584 94 64681 94 64839 195 65093 187 65281 2 65285 1 65351 185
227391,0 65536
000050, 
460549,0 54459 54461 8856 63318 2218
000088,0 65536
798724,0 10366 10367 55169
144284,0 58921 58923 6613
695503,0 65536
000009,0 27 44 16 154 129 296 20 409 130 551 21 665 130 806 22 921 122 1044 6 1061 10 1078 4 1177 119 1301 4 1316 12 1434 114 1572 15 1636 7 1663 2 1690 113 1826 19 1891 12 1919 2 1947 112 2080 24 2109 3 2147 13 2204 111 2334 36 2402 15 2460 111 2586 41 2658 16 2715 112 2841 43 2914 16 2970 113 3096 46 3170 17 3225 114 3352 47 3425 18 3481 114 3609 47 3682 17 3736 115 3866 46 3938 16 3992 115 4119 50 4194 16 4249 114 4374 51 4449 16 4505 115 4629 53 4705 15 4762 114 4885 53 4960 15 5019 115 5140 55 5216 15 5276 115 5396 55 5473 13 5533 117 5652 56 5729 13 5790 174 5972 5 5986 12 6047 175 6226 8 6244 9 6303 188 6501 8 6560 188 6758 6 6816 188 7015 4 7072 188 7328 189 7585 188 7841 188 8097 95 8193 92 8353 95 8450 6 8459 83 8609 95 8709 2 8716 82 8866 94 8972 82 9122 94 9229 81 9377 95 9485 81 9632 96 9741 81 9887 97 9996 82 10133 5 10141 99 10252 82 10378 118 10508 82 10633 119 10765 82 10889 119 11021 82 11145 119 11278 27 11307 53 11400 120 11534 26 11564 52 11656 120 11790 25 11821 52 11911 121 12047 24 12077 53 12166 122 12303 23 12334 52 12421 123 12560 20 12590 53 12677 123 12817 18 12847 52 12932 124 13075 15 13106 49 13186 126 13336 9 13367 45 13441 127 13594 5 13624 44 13696 128 13881 43 13952 128 14137 43 14208 128 14392 44 14464 128 14648 44 14721 127 14905 44 14977 127 15161 44 15234 126 15417 45 15490 126 15673 45 15745 127 15929 46 16001 127 16185 47 16256 128 16441 47 16512 128 16697 47 16768 128 16953 47 17024 128 17209 47 17280 128 17417 1 17465 48 17535 129 17673 3 17719 51 17790 130 17927 7 17972 54 18046 130 18183 7 18225 57 18302 130 18439 1 18443 3 18478 60 18558 130 18731 63 18815 3 18821 123 18986 63 19077 123 19242 63 19333 123 19498 63 19590 122 19753 64 19846 122 20008 66 20102 122 20264 67 20359 121 20518 70 20615 121 20772 73 20871 121 21028 73 21126 122 21283 74 21382 122 21539 74 21637 123 21795 73 21893 123 22051 72 22148 124 22308 70 22404 124 22565 69 22660 124 22821 69 22916 124 23078 69 23172 124 23334 69 23426 126 23591 69 23681 127 23847 69 23936 128 24103 69 24191 129 24359 70 24447 129 24615 70 24704 128 24851 1 24871 71 24960 128 25094 7 25107 1 25127 71 25217 127 25348 15 25382 72 25474 126 25602 17 25637 73 25731 125 25858 17 25893 74 25988 124 26113 18 26149 75 26245 123 26370 16 26404 77 26501 123 26627 14 26661 76 26757 123 26885 10 26918 76 27013 123 27144 4 27175 75 27269 123 27432 75 27524 124 27688 75 27779 125 27944 76 28035 125 28201 75 28290 126 28457 76 28546 126 28714 76 28802 126 28971 77 29057 127 29228 77 29312 128 29486 3 29492 204 29749 203 30005 203 30262 202 30519 201 30777 199 31035 197 31292 196 31550 194 31806 61 31872 128 32062 61 32128 128 32317 63 32383 129 32573 63 32638 130 32829 63 32895 129 33086 61 33151 129 33343 57 33407 129 33604 52 33662 130 33862 50 33916 132 34119 185 34375 185 34631 185 34886 103 34993 79 35076 4 35142 103 35249 79 35330 8 35398 102 35506 95 35654 101 35763 95 35909 100 36020 95 36165 95 36278 93 36422 93 36535 92 36631 3 36678 93 36790 101 36934 93 37044 104 37190 93 37300 76 37377 27 37446 93 37556 76 37634 26 37702 94 37812 76 37890 27 37957 95 38068 76 38145 6 38154 19 38213 96 38323 83 38411 18 38469 98 38576 86 38667 18 38725 99 38831 87 38923 18 38981 99 39086 87 39179 18 39238 98 39341 87 39435 18 39495 97 39597 83 39692 17 39752 95 39852 84 39948 16 40009 93 40108 84 40204 16 40265 92 40363 85 40460 16 40520 93 40619 85 40716 16 40755 1 40776 93 40875 85 40972 16 41009 6 41032 94 41131 85 41228 17 41265 7 41290 92 41387 85 41483 22 41520 8 41547 91 41642 86 41739 24 41776 9 41804 91 41897 87 41995 27 42033 11 42060 180 42250 31 42289 12 42315 181 42506 32 42547 11 42570 52 42631 121 42761 33 42806 9 42826 51 42887 121 43016 34 43062 9 43081 51 43144 120 43272 34 43318 9 43332 56 43401 119 43528 34 43574 9 43586 57 43657 119 43785 33 43830 9 43841 58 43914 118 44041 33 44087 7 44096 31 44129 27 44171 117 44292 2 44297 33 44334 4 44344 5 44351 31 44385 27 44429 115 44547 4 44553 42 44601 1 44607 31 44641 30 44690 110 44804 3 44810 50 44863 31 44897 32 44947 109 45066 52 45119 31 45152 34 45204 108 45322 121 45460 108 45578 122 45717 8 45727 97 45830 127 45973 6 45983 97 46084 130 46230 4 46239 97 46339 132 46495 97 46594 134 46752 232 47007 1 47009 231 47265 232 47521 232 47777 232 48032 233 48288 233 48544 232 48800 232 49056 231 49312 230 49568 229 49824 227 50080 226 50336 224 50592 220 50848 219 51104 219 51360 219 51617 220 51874 221 52131 5 52138 157 52296 57 52394 156 52557 53 52650 155 52815 52 52906 155 53073 51 53162 154 53330 51 53419 152 53587 51 53676 150 53844 51 53904 2 53933 148 54101 52 54158 7 54190 146 54358 68 54427 7 54446 146 54615 76 54702 146 54872 76 54958 147 55128 77 55206 2 55212 156 55384 242 55640 242 55896 242 56152 241 56408 241 56664 240 56920 240 57177 21 57202 214 57433 10 57460 212 57690 8 57716 212 57947 6 57972 212 58206 1 58228 212 58484 13 58504 192 58741 12 58763 188 58998 10 59020 187 59254 9 59277 186 59512 2 59534 186 59791 185 60049 183 60306 184 60563 184 60820 185 61078 184 61335 184 61592 184 61850 182 62087 3 62111 176 62341 6 62369 174 62592 12 62628 170 62847 14 62886 168 63103 14 63142 168 63359 15 63398 170 63569 1 63615 16 63654 175 63871 17 63910 177 64090 4 64127 17 64166 185 64384 16 64422 186 64640 17 64679 89 64769 95 64897 17 64935 89 65034 86 65153 17 65196 84 65293 82 65410 14 65453 83
938416,0 65536
000061,0 65536
196973,0 65536
672675,0 17917 17918 255 18174 8906 27081 756 27838 923 28763 18366 47130 8288 55419 512 55932 1537 57470 249 57721 7815
798199,0 65536
000040,0 65536
567220, 
398196,0 65536
260940,0 16775 16776 48760
126000,0 65536
842508,138 118 394 118 651 117 907 117 1163 117 1419 117 1675 117 1931 117 2188 116 2444 116 2700 116 2957 115 3213 115 3469 115 3725 115 3981 115 4238 114 4494 114 4750 114 5006 114 5263 113 5519 113 5775 113 6031 113 6287 113 6544 112 6800 112 7056 112 7312 112 7568 112 7825 111 8081 111 8337 111 8593 111 8850 110 9106 110 9362 110 9618 110 9874 110 10131 109 10387 109 10643 109 10899 109 11155 109 11412 108 11668 108 11924 108 12181 107 12437 107 12693 107 12949 107 13205 107 13461 107 13718 106 13974 106 14230 106 14486 106 14743 105 14999 105 15255 105 15511 105 15767 105 16024 104 16280 104 16536 104 16792 104 17049 103 17305 103 17561 103 17817 103 18073 103 18329 103 18586 102 18842 102 19098 102 19355 101 19611 101 19867 101 20123 101 20379 101 20635 101 20892 100 21148 100 21404 100 21660 100 21917 99 22173 99 22429 99 22685 99 22941 99 23198 98 23454 98 23710 98 23967 97 24223 97 24479 97 24735 97 24991 97 25247 97 25504 96 25760 96 26016 96 26272 96 26529 95 26785 95 27041 95 27297 95 27553 95 27810 94 28066 94 28322 94 28578 94 28835 93 29091 93 29347 93 29603 93 29859 93 30116 92 30372 92 30628 92 30884 92 31140 92 31397 91 31653 91 31909 91 32165 91 32421 91 32678 90 32934 90 33190 90 33447 89 33703 89 33959 89 34215 89 34471 89 34727 89 34984 88 35240 88 35496 88 35752 88 36009 87 36265 87 36521 87 36777 87 37033 87 37290 86 37546 86 37802 86 38058 86 38315 85 38571 85 38827 85 39083 85 39339 85 39596 84 39852 84 40108 84 40364 84 40621 83 40877 83 41133 83 41389 83 41645 83 41901 83 42158 82 42414 82 42670 82 42927 81 43183 81 43439 81 43695 81 43951 81 44208 80 44464 80 44720 80 44976 80 45233 79 45489 79 45745 79 46001 79 46257 79 46514 78 46770 78 47026 78 47282 78 47539 77 47795 77 48051 77 48307 77 48563 77 48820 76 49076 76 49332 76 49588 76 49844 76 50101 75 50357 75 50613 75 50869 75 51126 74 51382 74 51638 74 51894 74 52150 74 52407 73 52663 73 52919 73 53175 73 53432 72 53688 72 53944 72 54200 72 54456 72 54713 71 54969 71 55225 71 55481 71 55737 71 55994 70 56250 70 56506 70 56762 70 57019 69 57275 69 57531 69 57787 69 58043 69 58300 68 58556 68 58812 68 59068 68 59324 68 59581 67 59837 67 60093 67 60349 67 60605 67 60862 66 61118 66 61374 66 61630 66 61887 65 62143 65 62399 65 62655 65 62911 65 63168 64 63424 64 63680 64 63936 64 64192 64 64449 63 64705 63 64961 63 65217 63 65473 63
732471, 
874368,0 65536
291134,0 65536
659565,0 65536
578073,0 65536
143150,0 65536
000069,0 65536
398477, 
303895,0 33280 33284 252 33545 247 33805 243 34066 238 34326 234 34587 229 34848 224 35109 219 35369 215 35630 210 35890 206 36152 200 36411 197 36672 192 36932 188 37194 182 37454 178 37715 173 37974 170 38236 164 38496 160 38757 155 39017 151 39278 146 39538 142 39800 136 40060 132 40321 127 40580 124 40842 118 41102 114 41363 109 41623 105 41884 100 42144 96 42406 90 42666 86 42927 81 43186 78 43448 72 43708 68 43969 63 44229 59 44490 54 44750 50 45012 44 45272 40 45533 35 45792 32 46054 26 46314 22 46575 17 46835 13 47096 8 47356 4
787614,0 65536
675111,0 173 256 173 512 173 768 173 1024 174 1280 174 1536 174 1792 174 2048 175 2304 175 2560 175 2816 175 3072 175 3328 175 3584 176 3840 176 4096 176 4352 176 4608 177 4864 177 5120 177 5376 177 5632 177 5888 178 6144 178 6400 178 6656 179 6912 179 7168 179 7424 179 7680 179 7936 180 8192 180 8448 180 8704 180 8960 180 9216 181 9472 181 9728 181 9984 181 10240 181 10496 182 10752 182 11008 182 11264 182 11520 183 11776 183 12032 183 12288 183 12544 183 12800 184 13056 184 13312 184 13568 185 13824 185 14080 185 14336 185 14592 185 14848 185 15104 186 15360 186 15616 186 15872 186 16128 187 16384 187 16640 187 16896 187 17152 187 17408 188 17664 188 17920 188 18176 188 18432 189 18688 189 18944 189 19200 189 19456 189 19712 189 19968 190 20224 190 20480 190 20736 191 20992 191 21248 191 21504 191 21760 191 22016 192 22272 192 22528 192 22784 192 23040 193 23296 193 23552 193 23808 193 24064 193 24320 194 24576 194 24832 194 25088 194 25344 194 25600 195 25856 195 26112 195 26368 195 26624 195 26880 196 27136 196 27392 196 27648 197 27904 197 28160 197 28416 197 28672 197 28928 198 29184 198 29440 198 29696 198 29952 199 30208 199 30464 199 30720 199 30976 199 31232 199 31488 200 31744 200 32000 200 32256 201 32512 201 32768 201 33024 201 33280 201 33536 201 33792 202 34048 202 34304 202 34560 203 34816 203 35072 203 35328 203 35584 203 35840 203 36096 204 36352 204 36608 204 36864 204 37120 205 37376 205 37632 205 37888 205 38144 206 38400 206 38656 206 38912 206 39168 207 39424 207 39680 207 39936 207 40192 207 40448 207 40704 208 40960 208 41216 208 41472 208 41728 209 41984 209 42240 209 42496 209 42752 209 43008 210 43264 210 43520 210 43776 210 44032 211 44288 211 44544 211 44800 211 45056 211 45312 211 45568 212 45824 212 46080 212 46336 213 46592 213 46848 213 47104 213 47360 213 47616 214 47872 214 48128 214 48384 214 48640 215 48896 215 49152 215 49408 215 49664 215 49920 215 50176 216 50432 216 50688 216 50944 216 51200 217 51456 217 51712 217 51968 217 52224 217 52480 218 52736 218 52992 218 53248 219 53504 219 53760 219 54016 219 54272 219 54528 220 54784 220 55040 220 55296 220 55552 221 55808 221 56064 221 56320 221 56576 221 56832 221 57088 222 57344 222 57600 222 57856 222 58112 223 58368 223 58624 223 58880 223 59136 223 59392 224 59648 224 59904 224 60160 225 60416 225 60672 225 60928 225 61184 225 61440 225 61696 226 61952 226 62208 226 62464 226 62720 227 62976 227 63232 227 63488 227 63744 227 64000 228 64256 228 64512 228 64768 228 65024 228 65280 229
000028,0 65536
416662,0 56494 56496 254 56751 1270 58023 7135 65159 377
000060, 
191853,0 65536
000099,28 29 75 16 164 8 183 73 284 29 330 18 360 4 420 8 439 73 540 29 586 17 613 9 677 6 694 74 796 29 843 14 864 16 950 74 1052 29 1099 13 1114 23 1175 1 1206 74 1307 30 1356 37 1428 6 1461 12 1475 61 1563 14 1579 14 1619 30 1683 9 1717 11 1734 22 1758 34 1819 13 1837 11 1875 29 1938 10 1973 10 1993 18 2018 30 2075 13 2094 10 2130 30 2193 12 2229 9 2250 16 2275 29 2331 12 2354 5 2386 31 2449 13 2486 8 2507 15 2532 28 2586 12 2641 32 2705 13 2742 7 2764 14 2788 28 2842 10 2896 34 2961 14 2999 5 3021 12 3045 27 3098 7 3152 34 3218 14 3283 4 3301 27 3355 4 3408 35 3457 2 3475 15 3557 27 3663 36 3712 4 3732 16 3814 26 3919 37 3968 4 3989 15 4070 26 4174 40 4224 4 4246 14 4326 26 4429 42 4480 4 4502 14 4582 26 4685 48 4735 6 4758 13 4838 26 4918 3 4941 56 5014 12 5094 26 5173 5 5196 58 5269 12 5351 25 5428 8 5451 59 5511 2 5525 10 5608 24 5683 11 5705 60 5767 3 5781 9 5865 23 5938 13 5962 58 6024 2 6037 9 6058 2 6122 22 6194 13 6221 54 6285 2 6292 9 6312 6 6385 15 6450 13 6478 54 6539 5 6548 9 6567 9 6583 2 6606 3 6643 13 6706 12 6735 54 6794 7 6804 8 6822 21 6861 6 6901 11 6962 11 6991 55 7049 18 7078 22 7117 7 7157 11 7219 7 7248 74 7334 22 7373 8 7413 11 7505 30 7541 36 7589 24 7629 9 7670 10 7762 26 7805 22 7828 4 7845 24 7885 9 7926 10 8019 24 8063 19 8101 24 8141 9 8182 10 8276 23 8322 15 8355 26 8397 8 8438 10 8532 22 8578 15 8601 36 8654 7 8694 10 8789 20 8834 15 8856 36 8910 6 8950 10 9045 11 9059 3 9089 15 9111 36 9167 4 9201 15 9301 10 9345 14 9367 35 9455 17 9558 9 9601 12 9622 33 9710 16 9728 7 9805 3 9814 10 9856 8 9878 33 9966 13 9984 9 10060 6 10070 11 10112 8 10134 33 10191 2 10221 13 10240 10 10315 8 10326 12 10368 8 10390 34 10445 6 10471 19 10496 10 10571 9 10581 14 10610 4 10623 9 10646 34 10700 8 10726 20 10752 10 10827 25 10865 6 10879 9 10902 34 10947 4 10955 10 10982 20 11008 10 11083 28 11120 8 11134 11 11159 33 11202 19 11237 21 11264 9 11339 32 11376 8 11390 11 11415 32 11458 20 11492 22 11520 9 11595 33 11632 8 11646 11 11671 32 11713 21 11747 23 11776 8 11852 33 11889 7 11901 13 11927 31 11969 22 12002 24 12032 7 12109 33 12145 7 12155 18 12183 31 12225 24 12258 24 12288 6 12366 1 12371 27 12403 4 12408 23 12438 32 12481 25 12513 25 12544 5 12628 26 12664 24 12694 32 12737 26 12769 25 12800 5 12885 25 12920 24 12949 35 12993 26 13025 24 13056 5 13142 24 13176 25 13205 37 13248 27 13281 24 13312 5 13399 23 13432 25 13460 39 13503 28 13537 23 13568 5 13656 22 13689 24 13716 71 13793 23 13824 5 13869 3 13914 21 13946 10 13959 84 14050 21 14080 5 14124 5 14172 20 14203 8 14215 84 14306 21 14336 5 14379 7 14430 19 14460 6 14472 83 14562 21 14592 5 14635 7 14687 18 14717 4 14728 83 14819 20 14848 5 14890 9 14944 18 14984 66 15053 15 15075 20 15104 5 15145 11 15201 17 15241 62 15309 14 15332 18 15360 4 15401 12 15458 16 15497 56 15566 13 15588 18 15616 3 15657 12 15714 16 15753 55 15823 6 15831 2 15844 18 15912 14 15971 14 16008 55 16101 16 16168 14 16228 7 16238 1 16264 14 16280 38 16357 15 16425 13 16485 4 16519 13 16537 36 16613 15 16681 14 16775 11 16794 34 16868 17 16938 13 17031 9 17050 32 17124 18 17194 13 17287 8 17306 29 17379 20 17413 2 17450 13 17544 6 17563 26 17634 22 17667 6 17705 14 17800 5 17820 25 17882 3 17889 24 17922 8 17960 15 18078 22 18135 34 18177 10 18215 15 18334 22 18385 40 18433 11 18470 16 18541 3 18591 20 18615 2 18639 43 18688 12 18706 3 18726 16 18796 7 18847 19 18870 4 18893 45 18944 12 18960 7 18982 15 19051 10 19104 17 19125 5 19148 46 19200 12 19215 13 19238 15 19306 14 19360 17 19380 6 19404 47 19456 29 19495 14 19562 16 19617 16 19637 4 19660 47 19712 29 19751 13 19817 19 19873 17 19894 2 19916 47 19968 29 20008 12 20072 21 20130 16 20171 48 20224 30 20264 10 20327 23 20387 15 20427 47 20480 31 20521 7 20581 25 20644 15 20683 46 20736 33 20778 6 20798 2 20836 26 20901 14 20939 43 20992 34 21035 6 21052 6 21091 28 21158 13 21194 43 21248 34 21291 8 21308 6 21346 30 21415 12 21450 33 21486 6 21504 35 21546 12 21563 9 21601 33 21672 11 21705 33 21744 2 21760 35 21802 27 21838 4 21856 35 21929 9 21961 32 22016 35 22058 29 22091 8 22111 37 22186 7 22218 13 22235 8 22272 35 22313 43 22366 39 22444 3 22474 11 22528 36 22569 45 22616 46 22731 9 22784 135 22989 6 23040 135 23296 135 23552 136 23808 135 24064 135 24320 68 24390 65 24470 3 24576 67 24647 63 24723 8 24832 67 24904 62 24977 11 25088 66 25160 62 25232 13 25344 65 25417 61 25487 14 25600 63 25674 60 25743 14 25856 60 25930 59 26000 13 26112 58 26187 58 26256 13 26368 57 26443 58 26512 13 26624 56 26700 57 26769 12 26880 55 26956 57 27027 9 27138 52 27214 55 27288 2 27395 51 27472 53 27653 48 27728 53 27917 40 27984 54 28175 38 28241 53 28432 37 28497 53 28689 36 28754 51 28946 36 29011 51 29202 36 29268 50 29362 5 29458 36 29525 49 29616 8 29715 34 29781 49 29871 10 29972 33 30036 49 30127 10 30229 32 30290 50 30382 12 30486 31 30545 49 30638 13 30743 30 30800 49 30894 13 31000 29 31056 48 31150 14 31257 27 31311 37 31351 8 31405 15 31514 25 31567 35 31609 4 31661 16 31772 22 31822 33 31917 17 32000 4 32029 20 32078 27 32172 20 32256 6 32286 7 32298 6 32334 26 32428 20 32459 1 32479 6 32512 6 32543 5 32590 25 32683 22 32712 7 32733 9 32768 6 32846 25 32938 23 32966 10 32982 17 33024 6 33102 24 33193 24 33222 11 33237 18 33280 5 33358 24 33448 25 33477 35 33536 4 33614 23 33703 26 33732 37 33792 3 33839 5 33870 23 33897 1 33959 67 34089 13 34126 30 34214 69 34344 16 34381 33 34471 68 34599 18 34638 34 34727 68 34853 21 34894 35 34984 68 35106 24 35151 34 35241 67 35360 26 35396 4 35408 34 35497 67 35615 27 35650 7 35665 33 35754 67 35869 29 35905 9 35922 34 36010 67 36123 31 36160 10 36179 34 36267 67 36378 33 36415 12 36435 34 36523 67 36634 34 36671 12 36692 33 36779 67 36889 51 36948 33 37035 67 37145 56 37204 33 37292 67 37401 92 37549 66 37658 90 37806 65 37914 71 37986 18 38065 62 38170 67 38243 16 38322 61 38425 66 38499 15 38579 60 38681 60 38756 13 38836 59 38937 60 39012 13 39094 4 39101 50 39193 60 39269 11 39358 49 39449 60 39533 1 39614 49 39705 60 39870 49 39945 10 39961 60 40126 49 40194 18 40217 59 40383 49 40437 5 40448 20 40472 59 40639 63 40704 20 40729 56 40895 64 40960 20 40985 55 41089 11 41151 85 41242 53 41344 13 41406 86 41498 53 41599 15 41662 87 41756 50 41854 16 41918 66 41985 21 42014 47 42109 18 42174 66 42242 20 42271 44 42364 20 42430 66 42498 20 42528 41 42619 22 42686 42 42734 18 42755 19 42784 40 42872 25 42942 41 42990 18 43011 19 43040 28 43072 7 43124 29 43199 39 43246 18 43268 18 43297 26 43329 5 43378 30 43457 37 43503 17 43524 17 43553 23 43632 32 43720 30 43758 18 43780 17 43810 20 43885 35 43984 21 44014 18 44036 19 44068 15 44139 37 44241 20 44268 20 44291 23 44325 11 44387 45 44497 19 44524 20 44545 27 44582 9 44641 48 44754 17 44779 49 44839 7 44896 50 45010 16 45035 50 45096 5 45151 52 45267 13 45291 50 45406 54 45524 10 45547 49 45661 58 45781 5 45803 49 45916 62 46059 48 46170 65 46314 49 46425 67 46570 48 46680 68 46796 4 46825 49 46935 69 47051 6 47081 49 47190 69 47307 7 47337 48 47413 1 47446 69 47563 7 47593 48 47701 70 47819 7 47849 47 47957 70 48075 6 48104 48 48213 71 48332 4 48360 48 48468 72 48615 50 48724 73 48870 51 48962 7 48979 74 49126 51 49183 3 49200 6 49216 93 49382 52 49438 5 49449 14 49471 95 49638 52 49694 5 49704 16 49726 96 49894 51 49950 5 49959 18 49981 98 50150 51 50207 3 50215 18 50236 100 50406 50 50471 121 50662 48 50726 123 50918 47 50982 123 51174 46 51237 126 51431 45 51493 128 51688 12 51703 30 51749 129 51945 9 51960 29 52005 131 52202 7 52217 29 52262 130 52432 4 52461 1 52474 28 52518 131 52685 9 52730 28 52773 132 52940 13 52987 28 53028 133 53196 16 53244 27 53283 135 53451 18 53501 2 53504 24 53539 135 53707 19 53760 24 53795 136 53956 27 54016 24 54051 139 54211 28 54272 24 54307 141 54466 30 54528 24 54562 144 54722 30 54784 25 54818 145 54979 29 55040 24 55073 147 55235 29 55296 24 55329 148 55491 29 55552 23 55585 149 55748 29 55809 22 55841 151 56004 29 56039 1 56067 20 56097 152 56260 30 56293 6 56324 5 56332 10 56353 153 56517 40 56588 10 56609 155 56773 45 56845 8 56865 156 57030 48 57102 6 57121 158 57281 54 57377 167 57546 46 57633 168 57803 47 57890 170 58067 43 58146 170 58324 44 58402 170 58582 42 58658 168 58838 42 58901 5 58913 168 59093 43 59156 181 59348 44 59411 181 59604 44 59667 181 59860 44 59922 182 60116 44 60179 100 60282 78 60373 43 60435 82 60538 77 60630 42 60692 80 60794 76 60886 42 60948 79 61050 75 61141 43 61205 78 61306 74 61396 44 61461 77 61550 7 61562 66 61633 1 61651 45 61718 76 61799 15 61818 65 61906 46 61974 76 62053 19 62074 64 62162 46 62230 75 62307 22 62330 63 62418 46 62487 64 62553 32 62587 62 62674 46 62743 10 62758 47 62811 30 62844 61 62911 3 62929 47 63000 8 63021 39 63071 26 63101 61 63167 3 63184 48 63258 4 63278 37 63327 26 63358 61 63424 1 63440 48 63534 35 63583 26 63615 61 63696 48 63792 30 63839 26 63872 60 63952 48 64049 7 64058 18 64095 26 64130 59 64208 48 64316 15 64351 21 64398 47 64465 47 64572 14 64607 20 64657 43 64721 47 64828 14 64862 21 64913 43 64977 47 65084 14 65118 20 65170 41 65233 47 65340 13 65374 19 65426 40 65489 47
666091,14 242 270 242 527 241 783 241 1039 241 1295 241 1551 241 1808 240 2064 240 2320 240 2577 239 2833 239 3089 239 3345 239 3602 238 3858 238 4114 238 4370 238 4627 237 4883 237 5139 237 5395 237 5652 236 5908 236 6164 236 6420 236 6677 235 6933 235 7189 235 7445 235 7702 234 7958 234 8214 234 8470 234 8727 233 8983 233 9239 233 9495 233 9752 232 10008 232 10264 232 10521 231 10777 231 11033 231 11289 231 11545 231 11802 230 12058 230 12314 230 12571 229 12827 229 13083 229 13339 229 13595 229 13852 228 14108 228 14364 228 14621 227 14877 227 15133 227 15389 227 15645 227 15902 226 16158 226 16414 226 16671 225 16927 225 17183 225 17439 225 17695 225 17952 224 18208 224 18464 224 18721 223 18977 223 19233 223 19489 223 19745 223 20002 222 20258 222 20514 222 20771 221 21027 221 21283 221 21539 221 21795 221 22052 220 22308 220 22564 220 22821 219 23077 219 23333 219 23589 219 23845 219 24102 218 24358 218 24614 218 24871 217 25127 217 25383 217 25639 217 25896 216 26152 216 26408 216 26665 215 26921 215 27177 215 27433 215 27689 215 27946 214 28202 214 28458 214 28715 213 28971 213 29227 213 29483 213 29739 213 29996 212 30252 212 30508 212 30765 211 31021 211 31277 211 31533 211 31789 211 32046 210 32302 210 32558 210 32815 209 33071 209 33327 209 33583 209 33839 209 34096 208 34352 208 34608 208 34865 207 35121 207 35377 207 35633 207 35889 207 36146 206 36402 206 36658 206 36914 206 37171 205 37427 205 37683 205 37939 205 38196 204 38452 204 38708 204 38964 204 39221 203 39477 203 39733 203 39990 202 40246 202 40502 202 40758 202 41015 201 41271 201 41527 201 41783 201 42040 200 42296 200 42552 200 42808 200 43065 199 43321 199 43577 199 43833 199 44090 198 44346 198 44602 198 44858 198 45115 197 45371 197 45627 197 45883 197 46140 196 46396 196 46652 196 46908 196 47165 195 47421 195 47677 195 47933 195 48190 194 48446 194 48702 194 48958 194 49215 193 49471 193 49727 193 49983 193 50240 192 50496 192 50752 192 51008 192 51265 191 51521 191 51777 191 52033 191 52290 190 52546 190 52802 190 53058 190 53315 189 53571 189 53827 189 54083 189 54340 188 54596 188 54852 188 55109 187 55365 187 55621 187 55877 187 56133 187 56390 186 56646 186 56902 186 57159 185 57415 185 57671 185 57927 185 58183 185 58440 184 58696 184 58952 184 59209 183 59465 183 59721 183 59977 183 60233 183 60490 182 60746 182 61002 182 61259 181 61515 181 61771 181 62027 181 62284 180 62540 180 62796 180 63052 180 63309 179 63565 179 63821 179 64077 179 64333 179 64590 178 64846 178 65102 178 65358 178
566885,148 108 400 112 653 115 905 119 1158 122 1411 125 1665 127 1916 132 2170 134 2422 138 2675 141 2928 144 3180 148 3433 151 3686 154 3938 158 4192 160 4444 164 4697 167 4949 171 5202 174 5455 177 5708 180 5961 183 6214 186 6466 190 6719 193 6971 197 7224 200 7476 204 7730 206 7982 210 8236 212 8488 216 8741 219 8993 223 9246 226 9499 229 9752 232 10004 236 10258 238 10510 242 10763 245 11015 249 11269 251 11521 1456 12979 52557
846389,2 558 564 23 591 3250 3842 255 4098 255 4354 255 4610 255 4866 1535 6402 255 6658 255 6914 255 7170 255 7426 255 7682 255 7938 255 8194 255 8450 255 8706 255 8962 255 9218 255 9474 255 9730 255 9986 255 10242 255 10498 255 10754 255 11010 255 11266 1535 12802 255 13058 255 13314 255 13570 255 13826 12799 26626 255 26882 255 27138 255 27394 255 27650 255 27906 37577 65484 52
570211,0 65536
927607,0 674 676 11047 11724 12776 24501 4239 28741 1250 29992 25072 55066 10470
000001,0 31 44 111 158 6 179 27 210 77 293 3 297 124 432 110 548 129 687 110 804 129 938 115 1059 129 1192 117 1315 129 1447 118 1571 129 1703 117 1827 128 1958 118 2083 129 2213 118 2338 248 2594 248 2850 248 3105 248 3361 248 3617 248 3873 248 4128 249 4384 249 4640 248 4896 247 5153 246 5409 245 5666 243 5922 243 6178 243 6435 242 6691 221 6913 20 6947 221 7169 20 7203 221 7425 20 7459 221 7681 20 7714 222 7937 20 7970 222 8194 19 8226 222 8451 18 8482 222 8708 17 8738 222 8965 15 8994 222 9221 15 9250 222 9478 15 9506 222 9735 16 9761 223 9992 16 10011 229 10249 247 10505 247 10761 247 11016 248 11272 248 11527 249 11781 4372 16154 255 16411 254 16668 253 16925 253 17181 252 17437 245 17684 5 17694 243 17950 243 18206 242 18462 242 18719 240 18975 239 19231 238 19488 238 19744 239 20000 185 20191 49 20257 182 20446 50 20512 181 20701 51 20768 179 20956 52 21024 131 21158 36 21212 51 21280 126 21420 29 21467 51 21536 126 21678 21 21722 51 21792 126 21942 13 21978 49 22049 82 22134 40 22199 12 22234 47 22307 78 22390 40 22456 11 22489 47 22563 77 22646 39 22712 10 22745 45 22819 76 22902 37 22970 6 23001 44 23075 75 23157 34 23241 2 23256 45 23331 74 23413 33 23497 2 23512 44 23586 72 23669 32 23768 42 23826 2 23842 71 23925 31 24024 40 24080 6 24096 73 24180 30 24279 41 24335 7 24351 54 24408 17 24437 29 24533 43 24591 8 24606 49 24665 16 24693 28 24788 44 24846 9 24861 41 24904 5 24921 16 24950 27 25043 45 25102 9 25117 39 25177 15 25208 25 25299 45 25358 10 25372 39 25433 15 25466 23 25554 46 25604 3 25613 52 25688 15 25723 22 25810 46 25858 6 25869 50 25944 15 25980 21 26066 46 26113 8 26124 20 26149 25 26199 15 26236 21 26322 46 26369 30 26407 23 26455 15 26492 21 26578 78 26664 23 26710 16 26748 21 26834 46 26881 31 26922 21 26966 15 27004 21 27090 46 27137 32 27178 22 27222 15 27260 20 27346 80 27435 22 27478 14 27517 14 27602 80 27692 21 27734 12 27773 12 27857 81 27948 22 27971 3 27991 8 28030 9 28114 81 28205 26 28248 5 28286 8 28370 81 28462 25 28544 3 28626 82 28718 26 28882 82 28975 25 29138 82 29232 24 29394 83 29491 21 29651 82 29749 19 29908 81 30006 18 30164 81 30267 13 30421 80 30524 12 30677 80 30780 11 30934 79 31037 10 31191 78 31293 9 31447 78 31548 10 31704 77 31804 10 31960 77 32060 10 32217 77 32316 9 32474 82 32572 9 32731 84 32828 8 32988 86 33085 6 33245 87 33341 5 33502 87 33599 1 33760 86 34018 85 34274 86 34531 87 34787 88 35044 88 35237 19 35300 90 35492 22 35556 91 35747 24 35813 91 36002 26 36069 91 36237 5 36257 28 36325 92 36492 7 36513 29 36582 92 36747 8 36769 30 36838 93 37002 10 37024 32 37093 95 37256 13 37279 34 37349 96 37504 22 37535 35 37605 96 37760 24 37791 37 37861 97 38016 25 38046 43 38117 97 38272 77 38373 98 38527 80 38629 98 38782 82 38886 98 39035 85 39143 97 39289 87 39400 95 39544 88 39658 93 39798 89 39914 93 40053 89 40172 91 40309 89 40429 91 40564 90 40686 89 40820 90 40944 87 41075 90 41201 84 41330 90 41458 82 41585 90 41715 81 41840 89 41972 80 42096 88 42229 80 42351 87 42485 81 42607 84 42741 81 42836 3 42863 81 42997 82 43091 6 43118 80 43244 5 43252 83 43347 15 43373 80 43495 96 43602 18 43628 80 43750 97 43858 20 43881 82 44005 97 44114 104 44261 97 44370 104 44517 96 44626 104 44773 96 44881 109 45029 95 45137 110 45285 94 45392 112 45541 93 45647 113 45797 91 45903 113 46053 90 46159 113 46307 90 46416 113 46562 89 46672 113 46818 89 46929 112 47074 89 47186 110 47329 90 47442 108 47585 90 47699 105 47841 90 47956 104 48097 90 48213 103 48352 91 48469 104 48608 92 48726 103 48863 95 48982 103 49118 102 49238 103 49372 108 49494 103 49627 111 49751 103 49882 113 50007 104 50138 114 50264 104 50392 116 50520 104 50643 121 50776 104 50898 121 51033 103 51153 122 51289 102 51405 125 51546 100 51659 126 51802 99 51912 129 52058 98 52165 133 52315 96 52419 135 52571 96 52672 140 52828 94 52927 141 53089 88 53182 143 53346 86 53438 144 53602 75 53679 7 53694 144 53859 72 53950 144 54115 71 54207 143 54372 69 54463 143 54629 67 54720 141 54886 7 54895 56 54976 141 55144 1 55154 53 55232 142 55412 51 55488 142 55669 50 55744 143 55926 49 55991 1 56000 144 56184 47 56244 6 56256 145 56442 45 56498 9 56512 146 56700 42 56753 10 56768 146 56958 40 57009 11 57024 147 57215 39 57264 12 57280 147 57471 39 57520 12 57537 146 57726 40 57775 14 57793 146 57980 43 58030 16 58049 146 58235 45 58285 167 58490 46 58540 167 58745 48 58796 167 59001 49 59051 167 59257 215 59513 214 59770 214 60026 216 60283 217 60540 218 60768 3 60797 218 61022 6 61055 217 61276 9 61313 228 61572 226 61830 225 62088 232 62349 228 62606 227 62862 113 62976 114 63118 112 63232 114 63374 111 63488 115 63609 1 63628 112 63744 116 63861 7 63883 113 64000 127 64138 113 64256 129 64394 112 64512 130 64650 111 64768 130 64907 110 65024 131 65163 110 65280 130 65420 92 65516 12
271746,0 65536
000019,0 65536
863998,12029 3 12282 6 12532 12 12782 18 13034 22 13286 26 13538 30 13788 36 14041 39 14291 45 14543 49 14794 54 15046 58 15297 63 15549 67 15800 72 16052 76 16303 81 16555 85 16805 91 17058 94 17308 100 17561 103 17812 108 18064 112 18314 118 18566 122 18817 127 19069 131 19320 136 19572 140 19823 145 20075 149 20326 154 20578 158 20828 164 21081 167 21331 173 21583 177 21834 182 22086 186 22337 191 22589 195 22839 201 23092 204 23343 209 23595 213 23845 219 24097 223 24348 228 24600 232 24851 237 25103 241 25354 246 25606 12792 38399 255 38655 255 38911 255 39167 255 39423 255 39679 255 39935 25419 65362 30 65393 106 65506 30
719371,0 194 195 5643 5840 255 6096 46150 52247 512 52760 255 53016 12520
000021,0 60 68 11 88 7 256 61 323 13 343 9 512 60 579 13 599 9 768 38 811 17 837 10 856 7 1024 37 1068 15 1095 7 1112 6 1280 36 1324 15 1369 4 1536 35 1580 14 1626 2 1792 35 1837 13 2048 34 2093 12 2304 33 2349 11 2560 32 2606 9 2649 3 2816 31 2863 6 2906 2 3072 30 3156 1 3328 28 3584 28 3840 27 4096 27 4352 27 4608 26 4864 25 5120 25 5376 23 5632 16 5888 15 6144 15 6400 14 6656 14 6912 14 7168 15 7424 15 7680 15 7936 15 8192 15 8448 15 8704 15 8960 15 9216 15 9472 15 9728 16 9984 16 10240 16 10496 15 10752 15 11008 15 11264 14 11520 14 11776 13 12032 10 12288 5 17256 6 17511 7 17761 14 18014 18 18269 19 18292 4 18524 29 18780 30 19027 4 19036 31 19282 7 19290 33 19538 41 19794 42 20049 43 20304 45 20559 47 20813 50 21068 52 21323 53 21579 54 21835 54 22090 56 22346 56 22601 57 22856 58 23112 59 23368 59 23623 61 23878 64 24133 66 24388 68 24644 69 24900 69 25156 69 25413 69 25669 69 25926 68 26182 68 26438 68 26694 68 26950 68 27206 68 27461 69 27718 68 27974 68 28231 66 28494 59 28750 58 29006 58 29262 58 29518 57 29774 57 30030 56 30286 55 30541 55 30797 53 31054 51 31310 50 31567 6 31575 41 31824 3 31832 39 32088 38 32344 36 32601 30 32858 28 33115 26 33378 18 33635 16 33891 14 34148 9 34405 6 34662 3 48884 6 49138 9 49394 9 49650 9 49890 3 49906 8 50138 2 50143 8 50161 9 50392 15 50417 9 50647 17 50673 8 50902 18 50929 7 51157 18 51185 6 51412 19 51442 5 51668 19 51699 4 51924 18 51955 5 51961 6 52180 17 52211 13 52435 18 52456 2 52466 14 52691 19 52721 15 52948 3 52952 14 52976 16 53209 13 53232 16 53465 13 53488 16 53721 13 53744 16 53977 13 54001 15 54233 12 54258 14 54488 12 54516 12 54744 11 54774 10 55000 10 55031 9 55256 9 55286 10 55512 8 55542 10 55768 7 55798 10 56024 6 56053 11 56281 4 56310 10 56566 10 56823 9 57082 6 57340 3 58617 2 58874 1 59134 2 59390 1 60414 1 60670 2 60926 2 61181 3 61437 3 61693 3 61949 3 62205 3 62461 3 62717 3
580255,0 618 619 64917
432006,0 65536
722180,0 229 256 229 512 229 768 229 1024 230 1280 230 1536 230 1792 231 2048 231 2304 231 2560 231 2816 231 3072 232 3328 232 3584 232 3840 232 4096 233 4352 233 4608 233 4864 233 5120 233 5376 233 5632 234 5888 234 6144 234 6400 234 6656 235 6912 235 7168 235 7424 235 7680 235 7936 236 8192 236 8448 236 8704 237 8960 237 9216 237 9472 237 9728 237 9984 237 10240 238 10496 238 10752 238 11008 238 11264 239 11520 239 11776 239 12032 239 12288 239 12544 240 12800 240 13056 240 13312 240 13568 241 13824 241 14080 241 14336 241 14592 241 14848 242 15104 242 15360 242 15616 242 15872 243 16128 243 16384 243 16640 243 16896 243 17152 244 17408 244 17664 244 17920 244 18176 245 18432 245 18688 245 18944 245 19200 245 19456 246 19712 246 19968 246 20224 246 20480 247 20736 247 20992 247 21248 247 21504 247 21760 247 22016 248 22272 248 22528 248 22784 249 23040 249 23296 249 23552 249 23808 249 24064 250 24320 250 24576 250 24832 250 25088 251 25344 251 25600 251 25856 251 26112 251 26368 251 26624 252 26880 252 27136 252 27392 252 27648 253 27904 253 28160 253 28416 253 28672 253 28928 254 29184 254 29440 254 29696 254 29952 255 30208 255 30464 255 30720 255 30976 255 31232 34304
602248,0 65536
000084,0 65536
000071,37802 2 38058 1
000005,0 65536
000034,190 66 444 68 698 70 955 69 1213 67 1309 1 1469 67 1564 2 1726 66 1820 1 1982 66 2238 66 2331 1 2493 67 2587 1 2603 3 2748 68 2842 2 2856 7 3003 69 3098 2 3110 10 3223 2 3257 71 3343 2 3366 10 3478 5 3512 72 3599 1 3621 11 3734 6 3768 72 3854 2 3877 8 3989 8 4014 5 4023 73 4110 2 4132 7 4245 9 4268 84 4366 2 4388 6 4500 10 4523 85 4644 5 4676 1 4754 13 4778 86 4901 2 4930 4 5007 19 5027 93 5185 5 5234 3 5261 115 5422 2 5441 4 5490 5 5516 116 5678 2 5697 3 5746 5 5771 117 6002 6 6026 118 6257 10 6269 6 6281 119 6513 143 6769 143 7026 142 7276 5 7282 142 7532 5 7538 142 7787 6 7794 142 8043 5 8050 142 8298 5 8307 141 8555 2 8563 141 8819 141 9074 142 9329 143 9579 1 9583 145 9832 152 10084 156 10339 157 10595 157 10850 158 11105 159 11360 160 11615 161 11870 162 12126 162 12381 163 12636 164 12891 165 13145 167 13400 168 13656 168 13913 167 14170 166 14427 165 14683 165 14940 164 15197 17 15216 144 15455 13 15472 144 15715 8 15728 144 15972 7 15983 145 16229 6 16238 146 16485 6 16493 147 16741 7 16749 147 16997 155 17253 7 17261 147 17509 7 17517 147 17765 7 17773 147 18021 7 18030 146 18277 7 18285 147 18533 7 18542 146 18789 7 18798 146 19045 8 19054 146 19248 3 19301 155 19503 5 19556 156 19759 5 19812 156 20014 5 20068 156 20269 6 20318 162 20524 6 20572 164 20778 7 20828 164 21033 7 21082 166 21288 7 21337 167 21544 6 21592 168 21800 6 21848 168 22056 6 22103 169 22313 3 22359 169 22614 170 22870 170 23125 171 23381 171 23636 172 23892 172 24149 171 24405 171 24661 171 24918 170 25173 171 25429 171 25685 171 25941 171 26197 171 26452 172 26708 172 26963 24 26988 148 27179 1 27218 24 27244 148 27472 26 27500 148 27728 26 27756 148 27984 26 28011 149 28241 175 28498 174 28755 173 29011 173 29267 173 29497 2 29524 172 29780 172 30037 171 30293 171 30550 170 30806 170 31062 170 31318 170 31574 6 31584 160 31830 5 31844 156 32087 2 32101 155 32357 155 32613 155 32869 155 33125 155 33380 156 33635 157 33891 157 34146 158 34402 158 34658 158 34914 158 35170 158 35426 158 35683 157 35939 157 36196 150 36348 4 36452 143 36605 2 36708 142 36964 142 37221 141 37477 140 37734 140 37990 139 38246 139 38501 27 38531 110 38757 26 38788 109 39012 26 39045 92 39138 1 39144 8 39267 27 39304 88 39401 6 39523 27 39560 88 39659 2 39779 28 39817 86 40036 27 40073 86 40295 24 40329 85 40551 23 40585 85 40807 22 40841 83 41063 21 41097 81 41319 21 41353 81 41574 20 41609 80 41823 1 41829 20 41865 79 42077 4 42085 19 42121 79 42333 4 42341 18 42377 79 42588 5 42597 18 42633 78 42844 5 42853 9 42888 11 42901 66 43101 16 43144 9 43159 63 43357 16 43401 7 43416 35 43453 23 43614 15 43657 6 43674 33 43709 21 43869 15 43931 31 43966 19 44123 17 44189 30 44222 19 44378 17 44446 50 44633 17 44702 50 44888 17 44958 41 45000 7 45143 17 45214 39 45257 5 45397 18 45470 38 45653 17 45726 37 45908 16 45984 35 46165 13 46242 31 46421 9 46498 30 46754 30 47009 30 47265 29 47521 28 47776 29 48031 29 48286 5 48300 16 48542 4 48556 16 48798 3 48812 17 49045 2 49054 3 49067 18 49300 4 49310 3 49322 1 49325 12 49338 2 49554 8 49565 4 49578 1 49583 9 49593 1 49595 1 49810 15 49839 10 50061 20 50095 11 50316 20 50351 10 50571 20 50607 11 50826 18 50863 11 51082 16 51123 7 51338 13 51380 5 51594 13 51637 3 51850 5 51893 2 52149 2 53159 4 53415 4 53671 4 53910 5 53927 4 54163 8 54184 4 54330 4 54417 9 54441 3 54585 6 54647 1 54673 7 54697 3 54840 7 54902 3 54930 5 54953 3 55096 7 55157 4 55186 4 55209 3 55352 7 55413 4 55465 3 55608 7 55669 4 55864 6 55927 1 56121 5 56378 3 57486 2 57739 6 57751 1 57992 11 58004 5 58245 20 58500 21 58755 22 59011 22 59266 23 59522 13 59538 1 59541 4 59777 13 60032 13 60288 12 60544 12 60799 13 61049 1 61055 13 61304 21 61559 23 61814 24 62070 23 62326 22 62581 22 62622 2 62837 19 62878 2 63093 6 63348 7 63604 7 63859 7 64114 8 64371 7 64627 1 64629 4 64881 9 65133 19 65161 1
863209,0 14331 14336 248 14592 243 14848 240 15104 235 15360 232 15616 228 15872 224 16128 220 16384 216 16640 212 16896 208 17152 205 17408 201 17664 197 17920 193 18176 188 18432 185 18688 181 18944 178 19200 173 19456 170 19712 165 19968 163 20224 158 20480 155 20736 150 20992 146 21248 142 21504 139 21760 135 22016 131 22272 126 22528 123 22784 119 23040 116 23296 111 23552 108 23808 103 24064 100 24320 96 24576 92 24832 88 25088 85 25344 80 25600 76 25856 73 26112 69 26368 65 26624 61 26880 56 27136 53 27392 49 27648 46 27904 41 28160 38 28416 33 28672 30 28928 26 29184 22 29440 18 29696 15 29952 10 30208 6 30464 3
565798,0 10223 10224 7806 18031 490 18522 16 18540 57 18598 255 18854 1025 19880 3556 23438 35 23475 2280 25756 257 26014 256 26272 2811 29085 5 29092 755 29848 246 30096 10 30107 243 30352 258 30616 252 30873 6 30880 133 31014 121 31138 131 31270 2417 33689 1903 35593 3113 38707 255 38963 606 39571 748 40320 256 40577 255 40833 775 41609 974 42584 113 42698 141 42840 214 43056 255 43312 255 43569 255 43825 11092 54918 1533 56452 3163 59616 5920
455136,0 254 256 254 512 254 768 255 1024 255 1280 255 1536 255 1792 63744
636405,0 65536
000057,0 65536
000072,0 65536
535798,0 35513 35514 30022
944809,0 65536
000058,0 65536
386606,0 65536
000035,1 156 169 47 227 29 257 157 424 88 513 158 680 88 769 158 937 55 993 191 1194 54 1249 191 1450 247 1707 246 1963 247 2219 248 2475 249 2730 251 2986 252 3242 254 3498 260 3760 254 4017 253 4274 253 4532 252 4789 251 5046 252 5302 5194 10497 255 10753 255 11010 254 11269 251 11528 248 11792 240 12048 240 12304 240 12560 240 12816 240 13071 241 13328 240 13584 240 13840 240 14081 2 14097 244 14353 246 14609 247 14865 248 15120 8308 23432 250 23689 248 23945 246 24203 20 24234 6 24243 203 24462 15 24502 6 24509 190 24719 13 24766 188 24975 11 25022 188 25231 10 25279 188 25488 8 25535 189 25745 6 25791 189 26047 190 26303 190 26559 190 26815 190 27070 191 27326 191 27581 191 27776 5 27838 190 28031 7 28094 190 28286 12 28350 190 28542 18 28607 211 28864 211 29120 212 29375 214 29631 214 29887 215 30142 217 30398 218 30654 219 30910 221 31166 226 31422 228 31678 231 31934 232 32189 235 32431 1 32445 237 32686 4 32700 248 32956 248 33211 250 33467 251 33723 252 33978 7670 41650 253 41909 250 42166 249 42423 248 42680 247 42937 247 43193 247 43450 246 43705 247 43961 247 44217 247 44473 247 44728 247 44984 248 45240 248 45495 250 45749 4954 50704 253 50962 250 51219 50 51272 196 51476 44 51521 3 51530 193 51732 44 51787 190 51989 43 52045 187 52246 39 52305 175 52481 2 52504 36 52561 175 52760 36 52818 174 53017 35 53074 174 53273 35 53330 174 53529 35 53585 175 53785 36 53841 175 54041 37 54097 175 54297 39 54353 175 54533 3 54552 42 54608 176 54785 11 54806 45 54864 190 55060 47 55119 245 55374 246 55629 248 55882 252 56136 9400
562305,0 32 33 255 289 28 320 224 545 8256 8802 255 9058 6162 15221 6438 21660 9 21673 518 22192 1736 23929 537 24467 1286 25754 255 26011 3113 29125 3 29129 1022 30152 255 30410 2511 32922 1109 34032 10 34043 238 34285 12 34298 235 34536 23 34560 744 35305 5008 40314 1048 41363 784 42150 6232 48384 252 48640 250 48896 248 49152 245 49408 243 49664 241 49920 239 50176 236 50432 234 50688 232 50944 229 51200 227 51456 224 51712 223 51968 221 52224 218 52480 216 52736 214 52992 211 53248 209 53504 206 53760 205 54016 202 54272 200 54528 198 54784 195 55040 193 55296 191 55552 189 55808 186 56064 184 56320 182 56576 179 56832 177 57088 175 57344 172 57600 170 57856 168 58112 166 58368 164 58624 161 58880 159 59136 157 59392 155 59648 152 59904 150 60160 148 60416 145 60672 143 60928 141 61184 139 61440 137 61696 134 61952 132 62208 129 62464 127 62720 126 62976 123 63232 121 63488 119 63744 116 64000 114 64256 111 64512 109 64768 107 65024 104 65280 7 65288 94
478603,0 65536
136374,0 22914 22915 255 23172 15837 39010 765 39776 19174 58951 1295 60247 512 60760 259 61021 251 61273 255 61529 256 61786 255 62042 3494
217771,0 65536
000097, 
169327,0 65536
000037,43613 3 43869 3 44126 2
269087,0 65536
694806,0 39741 39743 253 40000 250 40252 1 40254 251 40508 25028
190259,0 39588 39589 255 39845 1558 41405 24081 65493 2 65496 40
451709,0 176 177 125 304 249 555 256 812 777 1590 14419 16010 762 16773 255 17029 844 17874 7249 25124 40409 65535 1
254228,0 65536
468422,0 65536
804179,0 65536
863933,0 65536
112782,0 65536
157706,0 61 65 20 92 97 256 88 347 99 512 57 573 2 577 19 598 4 604 98 768 59 830 128 1024 59 1085 26 1114 101 1280 191 1536 191 1792 192 2048 74 2123 2 2126 114 2304 77 2382 114 2560 193 2816 44 2861 20 2882 127 3072 41 3117 34 3154 111 3328 75 3406 1 3410 111 3584 194 3840 194 4096 195 4352 195 4608 195 4864 67 4935 124 5120 67 5192 124 5376 67 5444 1 5450 122 5632 43 5676 18 5695 4 5705 123 5888 44 5934 21 5956 1 5958 127 6144 44 6189 21 6214 127 6400 65 6470 127 6656 63 6726 128 6912 64 6980 130 7168 56 7225 7 7233 133 7424 64 7492 1 7496 127 7680 56 7738 4 7753 126 7936 57 7997 2 8002 133 8192 59 8256 135 8448 45 8496 11 8509 139 8704 38 8743 3 8753 2 8756 7 8765 139 8960 37 9000 2 9004 1 9010 1 9014 1 9018 142 9216 34 9252 1 9256 2 9259 2 9271 146 9472 31 9506 3 9512 5 9525 148 9728 31 9761 1 9768 4 9776 153 9984 38 10024 4 10031 155 10240 18 10259 16 10277 7 10286 156 10496 18 10515 16 10532 5 10538 1 10542 156 10752 34 10788 2 10794 2 10797 158 11008 37 11052 159 11264 36 11301 166 11520 31 11557 167 11776 1 11778 24 11803 2 11806 174 12032 25 12058 178 12288 204 12544 205 12800 25 12829 176 13056 25 13082 1 13084 177 13312 17 13330 6 13338 180 13568 17 13590 184 13824 206 14080 24 14106 181 14336 207 14592 207 14848 50 14901 154 15104 49 15157 155 15360 46 15414 154 15616 21 15639 26 15669 156 15872 23 15896 24 15923 158 16128 25 16154 23 16178 1 16184 153 16384 24 16411 22 16441 152 16640 51 16693 157 16896 210 17152 19 17174 188 17408 211 17664 211 17920 211 18176 211 18432 33 18467 177 18688 31 18723 177 18944 28 18981 176 19200 27 19238 175 19456 24 19493 176 19712 24 19740 1 19742 3 19748 177 19968 24 19996 3 20006 176 20224 22 20248 7 20262 176 20480 21 20503 5 20517 177 20736 21 20758 2 20770 181 20992 16 21015 1 21019 188 21248 17 21266 1 21270 193 21504 216 21760 216 22016 216 22272 13 22288 200 22528 217 22784 217 23040 217 23296 218 23552 218 23808 218 24064 219 24320 219 24576 219 24832 220 25088 220 25344 220 25600 221 25856 221 26112 221 26368 221 26624 222 26880 222 27136 222 27392 223 27648 223 27904 223 28160 224 28416 224 28672 224 28928 225 29184 225 29440 225 29696 225 29952 226 30208 226 30464 226 30720 227 30976 227 31232 191 31424 2 31428 31 31488 191 31680 1 31685 31 31744 190 31935 3 31940 32 32000 187 32188 3 32195 33 32256 186 32443 4 32451 34 32512 191 32706 35 32768 129 32898 58 32960 37 33024 189 33215 39 33280 230 33536 230 33792 231 34048 187 34236 43 34304 231 34560 231 34816 232 35072 232 35328 232 35584 233 35840 233 36096 233 36352 233 36608 234 36864 234 37120 235 37376 235 37632 144 37778 89 37888 145 38034 89 38144 236 38400 236 38656 236 38912 141 39057 92 39168 142 39314 91 39424 237 39680 237 39936 141 40078 96 40192 238 40448 239 40704 239 40960 239 41216 154 41372 1 41374 81 41472 158 41632 80 41728 240 41984 240 42240 241 42496 241 42752 241 43008 242 43264 242 43520 242 43776 243 44032 243 44288 243 44544 243 44800 244 45056 244 45312 245 45568 245 45824 245 46080 245 46336 140 46477 105 46592 141 46734 104 46848 246 47104 247 47360 142 47503 104 47616 142 47759 104 47872 143 48017 103 48128 144 48274 102 48384 149 48534 98 48640 149 48790 98 48896 149 49047 98 49152 249 49408 249 49664 250 49920 150 50071 99 50176 147 50324 2 50328 98 50432 150 50584 99 50688 151 50840 99 50944 251 51200 251 51456 252 51712 252 51968 252 52224 253 52480 53 52535 10 52547 186 52736 54 52792 2 52796 4 52803 186 52992 55 53048 8 53058 188 53248 62 53312 50 53363 139 53504 61 53568 190 53760 56 53817 1 53823 192 54016 163 54180 91 54272 255 54528 255 54784 161 54946 269 55216 254 55472 253 55728 241 55972 524 56499 252 56754 240 56996 1143 58142 252 58395 8 58404 3311 61716 255 61972 778 62752 1779 64532 800 65342 194
000042,0 4 94 16 149 6 176 5 242 18 350 16 405 6 431 7 496 20 606 16 661 6 686 8 752 19 862 16 919 2 942 9 1007 17 1118 15 1198 13 1261 19 1375 14 1453 16 1516 20 1632 12 1709 25 1771 21 1896 3 1965 32 2027 21 2221 34 2282 22 2477 34 2539 21 2733 41 2794 22 2989 42 3050 22 3245 43 3305 23 3502 43 3560 24 3759 42 3815 25 3892 5 4016 42 4070 26 4146 9 4272 42 4326 26 4402 11 4527 44 4582 26 4658 12 4783 45 4838 26 4914 17 5039 45 5095 25 5171 18 5295 46 5352 24 5427 26 5552 45 5608 24 5684 26 5808 46 5865 23 5940 27 6064 46 6121 23 6195 29 6319 47 6379 21 6451 29 6572 50 6636 20 6706 30 6826 52 6894 18 6960 32 7082 52 7151 17 7216 33 7337 53 7407 17 7471 34 7592 54 7664 16 7727 34 7848 54 7920 16 7983 34 8103 55 8176 16 8239 34 8356 57 8433 15 8496 33 8609 60 8690 14 8752 34 8865 59 8947 13 9008 34 9121 57 9204 12 9264 35 9377 55 9461 11 9521 34 9634 52 9718 10 9778 33 9891 50 9975 9 10034 33 10148 48 10231 9 10291 31 10405 46 10487 9 10548 30 10662 44 10743 9 10805 28 10919 40 10999 9 11063 25 11179 33 11255 9 11321 19 11437 30 11511 9 11578 15 11695 28 11767 9 11835 13 11952 25 12024 8 12092 12 12209 22 12282 6 12351 8 12467 19 12540 4 12609 5 12724 5 12730 11 12988 8 13246 6 13388 12 13502 11 13643 14 13758 14 13898 16 14014 15 14153 17 14269 17 14342 4 14350 4 14406 21 14525 17 14596 15 14657 26 14780 19 14851 17 14912 28 15036 20 15106 18 15168 28 15292 20 15361 20 15423 29 15549 20 15616 21 15679 30 15806 19 15872 21 15934 32 16062 19 16128 21 16189 34 16319 18 16384 21 16442 37 16575 17 16640 21 16697 39 16832 16 16896 21 16952 40 17088 15 17152 21 17208 39 17345 14 17408 21 17464 39 17602 13 17664 21 17719 39 17783 5 17860 10 17920 21 17972 6 17985 27 18038 7 18109 3 18118 7 18176 21 18227 7 18242 17 18293 9 18365 3 18377 2 18432 21 18483 8 18498 14 18549 10 18578 2 18621 2 18688 22 18739 9 18753 14 18804 12 18834 3 18944 22 18995 11 19007 16 19060 13 19090 3 19200 22 19251 28 19316 14 19346 3 19456 21 19506 28 19569 20 19602 3 19712 21 19762 28 19823 23 19858 3 19968 20 20017 28 20078 27 20224 19 20272 29 20333 31 20480 19 20527 29 20589 32 20630 10 20736 19 20783 29 20845 33 20885 14 20992 19 21039 27 21101 34 21140 16 21248 20 21295 26 21357 35 21395 18 21504 20 21551 25 21613 36 21650 20 21760 20 21808 23 21869 57 22016 21 22065 21 22125 57 22272 21 22322 22 22381 57 22528 21 22579 27 22613 4 22636 58 22784 20 22835 28 22868 6 22893 57 23040 20 23091 40 23149 57 23296 19 23347 40 23405 57 23552 18 23603 40 23662 56 23755 3 23808 17 23858 41 23918 56 24009 7 24070 10 24115 40 24174 56 24264 11 24276 6 24330 2 24371 40 24430 55 24519 20 24627 40 24686 53 24774 22 24883 40 24942 51 25030 23 25140 39 25198 49 25286 23 25396 39 25454 49 25542 24 25652 39 25710 51 25798 24 25909 38 25967 52 26055 23 26166 36 26223 53 26312 21 26422 36 26480 53 26569 20 26677 36 26736 53 26827 18 26929 39 26993 52 27084 16 27184 39 27250 52 27341 15 27440 38 27509 49 27597 14 27695 40 27768 46 27854 12 27952 40 28024 47 28110 11 28208 42 28280 47 28367 9 28465 42 28536 47 28625 5 28722 41 28792 47 28980 40 29048 47 29237 39 29303 47 29495 9 29506 27 29559 46 29754 4 29763 26 29815 46 30018 27 30071 46 30274 27 30328 45 30529 28 30584 44 30784 29 30840 44 31039 29 31097 42 31294 30 31353 42 31550 31 31610 40 31806 32 31866 40 32063 34 32122 39 32320 34 32377 39 32577 33 32632 39 32833 34 32887 38 33090 33 33143 36 33347 32 33399 36 33604 30 33656 34 33861 29 33912 34 34119 27 34170 30 34377 25 34428 25 34638 5 34644 13 34686 15 34904 9 34944 9 35160 9 35203 3 35417 8 35674 7 35821 4 35827 4 35930 7 36075 14 36187 5 36329 17 36444 3 36571 2 36583 20 36826 5 36838 25 37081 7 37093 27 37337 9 37348 28 37592 40 37847 41 38098 46 38259 2 38353 47 38514 4 38609 47 38769 6 38865 47 39021 12 39035 1 39121 47 39276 18 39377 47 39532 19 39633 47 39788 19 39890 46 40044 19 40146 46 40301 19 40402 46 40557 19 40658 46 40814 18 40914 46 41070 18 41171 45 41327 17 41427 45 41582 18 41683 45 41837 19 41940 44 42092 20 42196 43 42347 21 42451 43 42602 22 42706 43 42849 4 42857 22 42961 38 43104 5 43113 22 43216 38 43360 6 43369 22 43472 38 43529 3 43615 7 43625 22 43728 38 43784 5 43871 6 43881 23 43984 38 44038 8 44127 6 44138 22 44240 39 44293 10 44383 5 44394 21 44495 39 44547 12 44639 5 44651 19 44750 40 44802 13 44895 5 44908 16 45005 40 45057 15 45152 3 45164 13 45260 40 45313 15 45409 2 45421 11 45516 39 45569 14 45678 10 45772 11 45787 23 45826 13 45934 9 46028 9 46046 21 46083 13 46192 6 46284 7 46304 21 46339 13 46541 4 46561 21 46594 14 46818 21 46849 14 47075 21 47105 14 47336 16 47358 1 47360 13 47592 35 47848 33 48105 30 48361 23 48385 4 48617 23 48872 24 49128 24 49385 23 49641 23 49897 23 50153 23 50408 24 50662 26 50917 27 51172 28 51428 28 51684 28 51940 28 52083 6 52196 28 52337 9 52452 28 52592 10 52708 27 52847 11 52965 25 53103 11 53221 22 53359 11 53478 16 53615 10 53734 9 53871 9 54128 6 54384 5 54642 1 54872 3 55127 6 55376 4 55382 9 55402 2 55631 17 55656 5 55887 31 56143 32 56398 34 56654 36 56910 37 57166 38 57422 38 57478 1 57679 37 57733 3 57936 36 57988 4 58193 35 58242 6 58449 35 58497 7 58706 33 58753 7 58962 32 59009 6 59218 30 59265 4 59473 29 59728 28 59978 33 60234 32 60400 2 60490 31 60655 5 60746 31 60910 6 61002 31 61166 7 61259 31 61422 7 61515 31 61678 7 61771 32 61934 7 62028 31 62190 7 62284 31 62446 7 62542 31 62703 6 62799 31 62960 4 63055 32 63312 32 63569 31 63825 31 64006 4 64082 30 64262 5 64339 29 64517 7 64596 28 64773 7 64852 27 65029 7 65108 27 65286 3 65365 25
000082,0 116 243 129 499 129 754 130 1010 129 1266 129 1522 128 1779 126 2035 126 2292 24 2318 99 2549 23 2576 97 2806 22 2832 97 3061 28 3090 96 3315 29 3347 95 3569 29 3604 57 3664 34 3824 30 3861 55 3921 33 4058 4 4078 35 4118 52 4177 33 4313 6 4332 38 4376 49 4434 32 4569 6 4586 40 4635 41 4679 1 4690 32 4825 6 4840 43 4892 40 4947 30 5080 6 5095 44 5148 41 5204 29 5331 11 5349 27 5377 19 5404 42 5462 27 5586 12 5604 28 5633 19 5659 43 5720 24 5840 15 5859 29 5889 19 5914 44 5977 22 6096 17 6114 30 6145 19 6170 45 6217 1 6234 19 6351 69 6425 50 6491 16 6607 69 6681 51 6747 11 6863 68 6937 51 7004 4 7119 68 7193 53 7260 3 7375 67 7449 54 7629 51 7681 16 7705 55 7883 53 7937 12 7961 55 8139 53 8193 11 8217 55 8322 4 8394 54 8451 9 8473 55 8575 9 8649 55 8707 9 8729 55 8829 13 8904 56 8964 8 8985 56 9083 16 9160 56 9221 7 9241 56 9339 17 9416 56 9478 4 9498 55 9593 21 9672 56 9755 55 9846 26 9928 56 10011 57 10101 29 10185 55 10268 58 10343 3 10357 30 10441 55 10524 64 10596 9 10612 32 10698 54 10780 68 10850 13 10867 35 10954 54 11036 123 11210 54 11290 126 11466 54 11538 135 11723 53 11793 136 11980 52 12050 135 12237 51 12306 136 12496 48 12562 135 12752 48 12818 135 13009 47 13073 136 13265 47 13329 136 13520 48 13584 137 13776 48 13837 142 14032 48 14092 144 14288 48 14346 147 14545 47 14593 5 14600 150 14801 5 14810 196 15067 195 15323 195 15579 195 15834 196 16090 195 16345 196 16600 195 16856 194 17112 191 17368 189 17624 189 17880 189 18136 188 18393 187 18650 186 18907 110 19022 3 19029 63 19163 37 19201 71 19285 62 19418 38 19457 71 19541 62 19674 38 19713 71 19797 62 19930 38 19969 72 20053 62 20186 38 20225 72 20309 63 20442 38 20483 71 20565 63 20698 38 20740 70 20822 62 20954 38 21000 66 21079 61 21209 39 21256 66 21336 60 21463 41 21512 66 21594 57 21717 43 21768 67 21850 40 21893 14 21972 44 22024 68 22107 38 22150 12 22228 44 22280 69 22364 36 22407 8 22484 44 22536 69 22621 35 22666 1 22739 45 22792 70 22877 35 22995 45 23048 70 23134 34 23250 46 23305 70 23390 34 23503 49 23562 70 23645 36 23757 51 23818 71 23901 36 24012 52 24074 72 24156 37 24267 53 24330 73 24412 37 24523 53 24586 74 24668 36 24779 53 24842 75 24923 37 25036 52 25098 76 25180 36 25292 52 25354 77 25435 36 25549 51 25610 78 25691 36 25806 50 25866 79 25947 37 26063 49 26123 79 26203 38 26320 48 26379 120 26576 48 26635 121 26833 8 26844 36 26892 121 27089 7 27101 35 27149 121 27346 4 27358 34 27405 121 27603 2 27615 33 27662 120 27872 32 27918 120 28128 32 28175 120 28385 31 28432 119 28642 30 28690 117 28898 30 28947 115 29155 29 29203 115 29412 28 29459 115 29670 26 29715 115 29927 25 29971 73 30049 36 30184 24 30228 72 30307 34 30440 24 30484 72 30569 28 30696 24 30740 71 30827 25 30952 24 30997 70 31085 22 31208 24 31253 69 31342 21 31464 24 31510 67 31600 18 31719 25 31766 57 31829 1 31857 15 31975 25 32022 55 32103 7 32114 13 32231 25 32278 54 32357 11 32372 9 32488 24 32535 52 32612 13 32628 7 32744 24 32791 52 32868 14 33001 23 33047 52 33123 16 33257 23 33302 53 33378 18 33514 22 33559 51 33634 18 33771 21 33815 47 33889 18 34027 21 34071 45 34145 18 34284 20 34327 44 34401 18 34540 20 34582 44 34657 18 34797 19 34837 45 34914 17 35054 18 35093 45 35170 17 35312 9 35348 46 35427 16 35569 5 35604 46 35683 16 35860 45 35940 14 36117 43 36196 9 36374 41 36453 6 36631 39 36888 37 37145 6 37154 26 37404 1 37412 24 37669 23 37925 23 38182 22 38439 20 38696 18 38953 16 39211 12 39468 10 39726 8 39983 6 40240 4 51040 4 51295 8 51550 11 51806 12 52062 13 52317 14 52573 15 52829 15 52856 6 53084 16 53111 10 53339 18 53366 12 53592 21 53622 13 53709 4 53846 24 53877 15 53962 9 54101 26 54131 18 54216 12 54289 2 54356 28 54386 22 54471 13 54534 5 54545 3 54612 54 54724 16 54789 9 54801 2 54867 55 54977 19 55045 10 55122 57 55233 19 55300 12 55377 58 55488 20 55556 12 55628 2 55632 59 55744 20 55809 15 55884 2 55887 60 56000 20 56064 17 56144 59 56257 18 56320 17 56400 60 56513 18 56576 19 56657 59 56769 17 56832 21 56913 61 57024 16 57088 22 57170 61 57280 15 57344 23 57427 60 57537 11 57600 24 57684 60 57794 8 57856 24 57940 60 58052 5 58112 25 58195 61 58368 26 58450 64 58624 27 58706 66 58880 26 58961 69 59136 26 59217 69 59392 26 59472 72 59545 4 59648 26 59727 79 59904 25 59965 5 59980 83 60071 1 60160 25 60220 8 60234 86 60326 2 60416 24 60475 10 60489 97 60672 23 60726 118 60928 20 60981 120 61184 19 61222 5 61235 122 61440 19 61477 136 61696 20 61733 136 61952 20 61988 137 62208 21 62245 136 62464 21 62501 137 62720 21 62757 137 62976 22 63013 137 63232 22 63270 137 63488 23 63526 137 63744 23 63782 138 63935 6 64000 24 64038 138 64188 10 64256 24 64295 138 64444 10 64512 25 64552 137 64699 11 64768 25 64808 138 64955 11 65024 25 65065 137 65210 12 65280 24 65322 136 65468 8
000011, 
423050,0 65536
491029,0 65536
737692,0 65536
597667,0 65536
